Mono path[0] = 'D:/xiazai/GAME HOME/Shape.of.Dreams.Build.18092025-0xdeadcode/Shape of Dreams_Data/Managed'
Mono config path = 'D:/xiazai/GAME HOME/Shape.of.Dreams.Build.18092025-0xdeadcode/MonoBleedingEdge/etc'
[Physics::Module] Initialized MultithreadedJobDispatcher with {0} workers.
Initialize engine version: 2021.3.45f1 (0da89fac8e79)
[Subsystems] Discovering subsystems at path D:/xiazai/GAME HOME/Shape.of.Dreams.Build.18092025-0xdeadcode/Shape of Dreams_Data/UnitySubsystems
GfxDevice: creating device client; threaded=1; jobified=0
Direct3D:
    Version:  Direct3D 11.0 [level 11.1]
    Renderer: NVIDIA GeForce RTX 3060 Laptop GPU (ID=0x2560)
    Vendor:   NVIDIA
    VRAM:     5996 MB
    Driver:   32.0.15.7283
Begin MonoManager ReloadAssembly
- Completed reload, in  0.236 seconds
[LaunchOptions] Received: D:\xiazai\GAME HOME\Shape.of.Dreams.Build.18092025-0xdeadcode\Shape of Dreams.exe
[LaunchOptions] forceKeyboardAndMouse: False
[LaunchOptions] forceGamepad: False
[LaunchOptions] experimentalMod: False
[Steamworks.NET] Successfully initialized Steam API.
Odin Serializer ArchitectureInfo initialization with defaults (all unaligned read/writes disabled).
<RI> Initializing input.
New input system (experimental) initialized
Using XInput
<RI> Input initialized.
<RI> Initialized touch support.
UnloadTime: 1.217800 ms
Using Build Profile: CurrentBuild
No pre-name-change persistent data found
Already made a daily backup today. Skipping...
Loaded platform settings.
DewLocalization init for runtime: 986 Field Infos
Profile 'Sunrise' validated: Achievements(39/78), Heroes(7/8), Skills(100/145), Gems(72/83), Artifacts(9/11), LucidDreams(3/9)
GetTicketForWebApi(DewOwnership): Getting ticket
System.NullReferenceException: Object reference not set to an instance of an object
  at Cysharp.Threading.Tasks.PlayerLoopHelper.AddAction (Cysharp.Threading.Tasks.PlayerLoopTiming timing, Cysharp.Threading.Tasks.IPlayerLoopItem action) [0x00000] in K:\ShapeOfDream\Dew\Library\PackageCache\com.cysharp.unitask@d210e3d76a\Runtime\PlayerLoopHelper.cs:490 
  at Cysharp.Threading.Tasks.UniTask+DelayPromise.Create (System.TimeSpan delayTimeSpan, Cysharp.Threading.Tasks.PlayerLoopTiming timing, System.Threading.CancellationToken cancellationToken, System.Int16& token) [0x0005a] in K:\ShapeOfDream\Dew\Library\PackageCache\com.cysharp.unitask@d210e3d76a\Runtime\UniTask.Delay.cs:645 
  at Cysharp.Threading.Tasks.UniTask.Delay (System.TimeSpan delayTimeSpan, Cysharp.Threading.Tasks.DelayType delayType, Cysharp.Threading.Tasks.PlayerLoopTiming delayTiming, System.Threading.CancellationToken cancellationToken) [0x00062] in K:\ShapeOfDream\Dew\Library\PackageCache\com.cysharp.unitask@d210e3d76a\Runtime\UniTask.Delay.cs:180 
  at Cysharp.Threading.Tasks.UniTaskExtensions.Timeout[T] (Cysharp.Threading.Tasks.UniTask`1[T] task, System.TimeSpan timeout, Cysharp.Threading.Tasks.DelayType delayType, Cysharp.Threading.Tasks.PlayerLoopTiming timeoutCheckTiming, System.Threading.CancellationTokenSource taskCancellationTokenSource) [0x00015] in K:\ShapeOfDream\Dew\Library\PackageCache\com.cysharp.unitask@d210e3d76a\Runtime\UniTaskExtensions.cs:416 
  at Cysharp.Threading.Tasks.UniTask+ExceptionResultSource`1[T].GetResult (System.Int16 token) [0x00015] in K:\ShapeOfDream\Dew\Library\PackageCache\com.cysharp.unitask@d210e3d76a\Runtime\UniTask.Factory.cs:255 
  at DewSteam.GetTicketForWebApi (System.String pchIdentity) [0x000ac] in K:\ShapeOfDream\Dew\Assets\Scripts\Global\DewSteam.cs:146 
  at Cysharp.Threading.Tasks.UniTask+ExceptionResultSource`1[T].GetResult (System.Int16 token) [0x00015] in K:\ShapeOfDream\Dew\Library\PackageCache\com.cysharp.unitask@d210e3d76a\Runtime\UniTask.Factory.cs:255 
  at DewSave.UpsertProfile () [0x00041] in K:\ShapeOfDream\Dew\Assets\Scripts\Save\DewSave_Profile.cs:542 
Current scene: Splash
Loaded User Profile Sunrise: C:/Users/77496/AppData/LocalLow/Lizard Smoothie/Shape of Dreams\QuickSave\r_profile44799945-b1ea-4dae-9ae0-2c2d81746a41.json
== System Report START ==
Version: r.1.0.6.2_s
CPU: 12th Gen Intel(R) Core(TM) i7-12700H
CPU Cores: 20
CPU Frequency: 2688MHz

RAM: 16068MB

Graphics Device Name: NVIDIA GeForce RTX 3060 Laptop GPU
Graphics Device Type: Direct3D11
Graphics Memory: 5996MB
Graphics Device Version: Direct3D 11.0 [level 11.1]
Graphics Shader Level: 50

Operating System: Windows 11  (10.0.22631) 64bit
Device Model: Dell G15 5520 (Dell Inc.)

Supports Compute Shaders: True
Supports Instancing: True
== System Report END ==
Unity Services environment is: production
Odin Serializer detected whitelisted runtime platform WindowsPlayer and memory read test succeeded; enabling all unaligned memory read/writes.
Current scene: Splash
[DewMod] Directory not found: ../Mods
Current scene: Splash
Lobby server is now LobbyServiceSteam
Direct3D: detected that using refresh rate causes time drift. Will stop trusting refresh rate until the game window is moved.
Direct3D: detected that vsync is broken (it does not limit frame rate properly). Delta time will now be calculated using cpu-side time stampling until the game window is moved.
PlayerID: 5aJzZxW6pc7BwCxYTPHQuULbTHYK
Unloading 8 Unused Serialized files (Serialized files now loaded: 2)
UnloadTime: 2.111000 ms
Current scene: Intro
Unloading 5075 unused Assets to reduce memory usage. Loaded Objects now: 29778.
Total: 38.070400 ms (FindLiveObjects: 0.977600 ms CreateObjectMapping: 0.916000 ms MarkObjects: 34.862300 ms  DeleteObjects: 1.314300 ms)

WindowsVideoMedia error unhandled Color Standard: 0  falling back to default this may result in rendering issues
Unloading 6 Unused Serialized files (Serialized files now loaded: 2)
UnloadTime: 1.301300 ms
Current scene: Title
Unloading 31 unused Assets to reduce memory usage. Loaded Objects now: 58899.
Total: 51.951500 ms (FindLiveObjects: 3.226900 ms CreateObjectMapping: 1.255000 ms MarkObjects: 47.256100 ms  DeleteObjects: 0.213200 ms)

[DewResources] Preload Rule Added by TitleManager: 339 -> 522 (+183)
[DewResources] Maintenance Finished: 522 -> 191 (-331) (+0)
Unloading 4 Unused Serialized files (Serialized files now loaded: 2)
Unloading 5629 unused Assets to reduce memory usage. Loaded Objects now: 55812.
Total: 57.767400 ms (FindLiveObjects: 2.723700 ms CreateObjectMapping: 1.209500 ms MarkObjects: 51.498000 ms  DeleteObjects: 2.335800 ms)

Unloading 6 Unused Serialized files (Serialized files now loaded: 2)
UnloadTime: 53.464200 ms
Unloading 756 unused Assets to reduce memory usage. Loaded Objects now: 50088.
Total: 39.945300 ms (FindLiveObjects: 1.870100 ms CreateObjectMapping: 0.985200 ms MarkObjects: 35.961000 ms  DeleteObjects: 1.128800 ms)

TelepathyTransport initialized!
Current scene: PlayLobby
[DewResources] Preload Rule Added by PlayLobbyManager: 406 (Nothing changed)
[DewResources] Maintenance Finished: 406 (Nothing changed)
DewNetworkManager - StartGame - Singleplayer
Loaded 3522 whole word profanities and 3739 substring profanities
Unloading 7 Unused Serialized files (Serialized files now loaded: 2)
UnloadTime: 135.014400 ms
Current scene: PlayGame
Unloading 1501 unused Assets to reduce memory usage. Loaded Objects now: 88807.
Total: 112.724700 ms (FindLiveObjects: 4.193300 ms CreateObjectMapping: 1.757500 ms MarkObjects: 44.986900 ms  DeleteObjects: 61.786800 ms)

Unloading 7 Unused Serialized files (Serialized files now loaded: 2)
Unloading 1 unused Assets to reduce memory usage. Loaded Objects now: 88809.
Total: 65.287400 ms (FindLiveObjects: 4.641700 ms CreateObjectMapping: 1.650900 ms MarkObjects: 58.867700 ms  DeleteObjects: 0.126900 ms)

Difficulty is at diffNormal.
[DewResources] Preload Rule Added by PlayGameManager: 427 (Nothing changed)
[DewResources] Preload Rule Added by PlayGameManager: 427 -> 456 (+29)
[DewResources] Preload Rule Added by ActorManager (Networked): 456 (Nothing changed)
[DewResources] Preload Rule Added by ZoneManager (Networked): 457 (Nothing changed)
Loading game from continue data
Difficulty is at diffHard.
Ambient level is now 2
Failed to create agent because there is no valid NavMesh
Failed to create agent because there is no valid NavMesh
Quest_ShapeOfDreams started step 'Default' (LoadedFromSave)
Started tracking replaced [20] Hero_Yubar of HumanPlayerLocal(76561199550375442) Sunrise (8)
Uploading Crash Report
ArgumentException: An item with the same key has already been added. Key: [37] St_R_Cataclysm on [20] (4)
  at System.Collections.Generic.Dictionary`2[TKey,TValue].TryInsert (TKey key, TValue value, System.Collections.Generic.InsertionBehavior behavior) [0x0015a] in <34c8028f8a3946349d8f0d77e409a1ae>:0 
  at System.Collections.Generic.Dictionary`2[TKey,TValue].Add (TKey key, TValue value) [0x00000] in <34c8028f8a3946349d8f0d77e409a1ae>:0 
  at Se_Star_D_UltimateChargeSpeed.ClientHeroEventOnSkillEquip (SkillTrigger obj) [0x0003e] in <b5fd0958690745fdb17d5a994723b52f>:0 
  at SafeAction`1[T].Invoke (T arg) [0x00023] in K:\ShapeOfDream\Dew\Assets\Scripts\Common\SafeAction.cs:63 
UnityEngine.DebugLogHandler:Internal_LogException(Exception, Object)
UnityEngine.DebugLogHandler:LogException(Exception, Object)
UnityEngine.Logger:LogException(Exception, Object)
UnityEngine.Debug:LogException(Exception)
SafeAction`1:Invoke(SkillTrigger) (at K:\ShapeOfDream\Dew\Assets\Scripts\Common\SafeAction.cs:67)
HeroSkill:UserCode_RpcInvokeOnSkillEquip__SkillTrigger(SkillTrigger) (at K:\ShapeOfDream\Dew\Assets\Scripts\Game\Hero\HeroSkill.cs:422)
HeroSkill:InvokeUserCode_RpcInvokeOnSkillEquip__SkillTrigger(NetworkBehaviour, NetworkReader, NetworkConnectionToClient)
Mirror.RemoteCalls.RemoteProcedureCalls:Invoke(UInt16, RemoteCallType, NetworkReader, NetworkBehaviour, NetworkConnectionToClient) (at K:\ShapeOfDream\Dew\Assets\Imported\Systems\Mirror\Core\RemoteCalls.cs:120)
Mirror.NetworkIdentity:HandleRemoteCall(Byte, UInt16, RemoteCallType, NetworkReader, NetworkConnectionToClient) (at K:\ShapeOfDream\Dew\Assets\Imported\Systems\Mirror\Core\NetworkIdentity.cs:243)
Mirror.NetworkClient:OnRPCMessage(RpcMessage) (at K:\ShapeOfDream\Dew\Assets\Imported\Systems\Mirror\Core\NetworkClient.cs:1353)
Mirror.NetworkClient:OnRPCBufferMessage(RpcBufferMessage) (at K:\ShapeOfDream\Dew\Assets\Imported\Systems\Mirror\Core\NetworkClient.cs:1368)
Mirror.<>c__DisplayClass55_0`1:<RegisterHandler>g__HandlerWrapped|0(NetworkConnection, RpcBufferMessage) (at K:\ShapeOfDream\Dew\Assets\Imported\Systems\Mirror\Core\NetworkClient.cs:537)
Mirror.<>c__DisplayClass7_0`2:<WrapHandler>g__Wrapped|0(NetworkConnection, RpcBufferMessage, Int32) (at K:\ShapeOfDream\Dew\Assets\Imported\Systems\Mirror\Core\NetworkMessages.cs:161)
Mirror.<>c__DisplayClass6_0`2:<WrapHandler>b__0(NetworkConnection, NetworkReader, Int32) (at K:\ShapeOfDream\Dew\Assets\Imported\Systems\Mirror\Core\NetworkMessages.cs:141)
Mirror.NetworkClient:UnpackAndInvoke(NetworkReader, Int32) (at K:\ShapeOfDream\Dew\Assets\Imported\Systems\Mirror\Core\NetworkClient.cs:259)
Mirror.NetworkClient:OnTransportData(ArraySegment`1, Int32) (at K:\ShapeOfDream\Dew\Assets\Imported\Systems\Mirror\Core\NetworkClient.cs:376)
Mirror.LocalConnectionToServer:Update() (at K:\ShapeOfDream\Dew\Assets\Imported\Systems\Mirror\Core\LocalConnectionToServer.cs:81)
Mirror.NetworkClient:NetworkLateUpdate() (at K:\ShapeOfDream\Dew\Assets\Imported\Systems\Mirror\Core\NetworkClient.cs:1581)
Mirror.NetworkLoop:NetworkLateUpdate() (at K:\ShapeOfDream\Dew\Assets\Imported\Systems\Mirror\Core\NetworkLoop.cs:207)

(Filename: K:/ShapeOfDream/Dew/Assets/Scripts/Common/SafeAction.cs Line: 67)

Failed to create agent because there is no valid NavMesh
Unloading 10 Unused Serialized files (Serialized files now loaded: 2)
UnloadTime: 0.744800 ms
Current scene: Room_Special_FragmentOfRadiance_Boss
Unloading 429 unused Assets to reduce memory usage. Loaded Objects now: 95534.
Total: 63.288400 ms (FindLiveObjects: 4.899300 ms CreateObjectMapping: 1.849100 ms MarkObjects: 50.377800 ms  DeleteObjects: 6.162000 ms)

Unloading 9 Unused Serialized files (Serialized files now loaded: 2)
Unloading 3 unused Assets to reduce memory usage. Loaded Objects now: 95536.
Total: 57.349100 ms (FindLiveObjects: 4.884800 ms CreateObjectMapping: 1.755800 ms MarkObjects: 50.570300 ms  DeleteObjects: 0.137800 ms)

Failed to create agent because it is not close enough to the NavMesh
TravelToNode: Start waiting for clients
Failed to create agent because it is not close enough to the NavMesh
Failed to create agent because it is not close enough to the NavMesh
Failed to create agent because it is not close enough to the NavMesh
TravelToNode: All clients are ready
[DewResources] Preload Rule Added by Room_Special_FragmentOfRadiance_Boss: 477 -> 522 (+45)
Couldn't create a Convex Mesh from source mesh "Crystal_Obsidian_03_low" within the maximum polygons limit (256). The partial hull will be used. Consider simplifying your mesh.
Couldn't create a Convex Mesh from source mesh "Crystal_Obsidian_02_low" within the maximum polygons limit (256). The partial hull will be used. Consider simplifying your mesh.
[DewResources] Maintenance Finished: 522 -> 292 (-302) (+72)
Load game finished
Started tracking 3 reveries
Local achievement continue data found. Applying...
Started tracking 39 achievements
SetSyncVarNetworkIdentity NetworkIdentity [0] ~!Se_E_Rewind  (4)  on [20] has a zero netId. Maybe it is not spawned yet?
SetSyncVarNetworkIdentity NetworkIdentity [0] ~!Se_E_Rewind  (4)  on [20] has a zero netId. Maybe it is not spawned yet?
No alive heroes. Clearing continue data
Deleting old auto-recovery backup: r_continue44799945-b1ea-4dae-9ae0-2c2d81746a41_1324.json
Created auto-recovery backup 1334 for r_continue44799945-b1ea-4dae-9ae0-2c2d81746a41
Profile Continue saved.
Received game result from server. didGameEnd: True
Stopped tracking 3 reveries
Stopped tracking 39 achievements
Deleting old auto-recovery backup: r_profile44799945-b1ea-4dae-9ae0-2c2d81746a41_488.json
Created auto-recovery backup 498 for r_profile44799945-b1ea-4dae-9ae0-2c2d81746a41
Profile Main saved.
Deleting old auto-recovery backup: r_stats44799945-b1ea-4dae-9ae0-2c2d81746a41_162.json
Created auto-recovery backup 172 for r_stats44799945-b1ea-4dae-9ae0-2c2d81746a41
Profile Stats saved.
Platform settings saved.
Deleting old auto-recovery backup: r_profile44799945-b1ea-4dae-9ae0-2c2d81746a41_489.json
Created auto-recovery backup 499 for r_profile44799945-b1ea-4dae-9ae0-2c2d81746a41
Profile Main saved.
Deleting old auto-recovery backup: r_continue44799945-b1ea-4dae-9ae0-2c2d81746a41_1325.json
Created auto-recovery backup 1335 for r_continue44799945-b1ea-4dae-9ae0-2c2d81746a41
Profile Continue saved.
Deleting old auto-recovery backup: r_stats44799945-b1ea-4dae-9ae0-2c2d81746a41_163.json
Created auto-recovery backup 173 for r_stats44799945-b1ea-4dae-9ae0-2c2d81746a41
Profile Stats saved.
Unloading 9 Unused Serialized files (Serialized files now loaded: 2)
UnloadTime: 1.377900 ms
TelepathyTransport initialized!
Current scene: PlayLobby
Unloading 17917 unused Assets to reduce memory usage. Loaded Objects now: 85844.
Total: 83.822500 ms (FindLiveObjects: 5.004900 ms CreateObjectMapping: 3.484000 ms MarkObjects: 53.359200 ms  DeleteObjects: 21.973800 ms)

[DewResources] Preload Rule Added by PlayLobbyManager: 534 -> 641 (+107)
[DewResources] Maintenance Finished: 641 (Nothing changed)
DewNetworkManager - StartGame - Singleplayer
Deleting old auto-recovery backup: r_profile44799945-b1ea-4dae-9ae0-2c2d81746a41_490.json
Created auto-recovery backup 500 for r_profile44799945-b1ea-4dae-9ae0-2c2d81746a41
Profile Main saved.
Unloading 9 Unused Serialized files (Serialized files now loaded: 2)
UnloadTime: 524.181200 ms
Current scene: PlayGame
Unloading 1456 unused Assets to reduce memory usage. Loaded Objects now: 102994.
Total: 127.174700 ms (FindLiveObjects: 5.864800 ms CreateObjectMapping: 2.837500 ms MarkObjects: 56.228600 ms  DeleteObjects: 62.243300 ms)

Unloading 8 Unused Serialized files (Serialized files now loaded: 2)
Unloading 1 unused Assets to reduce memory usage. Loaded Objects now: 102996.
Total: 179.812100 ms (FindLiveObjects: 13.054100 ms CreateObjectMapping: 15.652300 ms MarkObjects: 150.926900 ms  DeleteObjects: 0.178600 ms)

Difficulty is at diffNormal.
[DewResources] Preload Rule Added by PlayGameManager: 864 (Nothing changed)
[DewResources] Preload Rule Added by PlayGameManager: 864 (Nothing changed)
Ambient level is now 1
Creating GameMod_DespairFixStuck
Creating GameMod_Obliviax
Creating GameMod_SantaHat
[DewResources] Preload Rule Added by ActorManager (Networked): 865 (Nothing changed)
[DewResources] Preload Rule Added by ZoneManager (Networked): 865 (Nothing changed)
Failed to create agent because there is no valid NavMesh
Failed to create agent because there is no valid NavMesh
Started tracking [23] Hero_Yubar of HumanPlayerLocal(76561199550375442) Sunrise (1)
Started tracking game statistics
Already tracking player: HumanPlayerLocal(76561199550375442) Sunrise
Direct3D: detected that using refresh rate causes time drift. Will stop trusting refresh rate until the game window is moved.
Direct3D: detected that vsync is broken (it does not limit frame rate properly). Delta time will now be calculated using cpu-side time stampling until the game window is moved.
Failed to create agent because there is no valid NavMesh
New loop has started
Generated a map with 19 nodes (Target: 21)
Deleting old auto-recovery backup: r_continue44799945-b1ea-4dae-9ae0-2c2d81746a41_1326.json
Created auto-recovery backup 1336 for r_continue44799945-b1ea-4dae-9ae0-2c2d81746a41
Profile Continue saved.
Unloading 14 Unused Serialized files (Serialized files now loaded: 2)
UnloadTime: 0.659400 ms
Current scene: Room_Forest_Start_0
Unloading 303 unused Assets to reduce memory usage. Loaded Objects now: 108988.
Total: 70.325700 ms (FindLiveObjects: 5.274300 ms CreateObjectMapping: 2.395300 ms MarkObjects: 55.155300 ms  DeleteObjects: 7.500300 ms)

Unloading 12 Unused Serialized files (Serialized files now loaded: 2)
Unloading 3 unused Assets to reduce memory usage. Loaded Objects now: 109104.
Total: 61.445500 ms (FindLiveObjects: 5.627700 ms CreateObjectMapping: 2.535200 ms MarkObjects: 53.103900 ms  DeleteObjects: 0.178300 ms)

Failed to create agent because it is not close enough to the NavMesh
TravelToNode: Start waiting for clients
TravelToNode: All clients are ready
[DewResources] Preload Rule Added by Room_Forest_Start_0: 909 -> 933 (+24)
[DewResources] Maintenance Finished: 933 -> 306 (-635) (+8)
Started tracking 3 reveries
No local achievement continue data found.
Started tracking 39 achievements
Quest_ShapeOfDreams started step 'Default' 
Received game result from server. didGameEnd: False
GetLinkId target Rift_RoomExit has no link type
Failed to create agent because it is not close enough to the NavMesh
Continue data saved.
Unloading 12 Unused Serialized files (Serialized files now loaded: 2)
UnloadTime: 2.400100 ms
Current scene: Room_Forest_Combat_0
Unloading 24165 unused Assets to reduce memory usage. Loaded Objects now: 87831.
Total: 114.318700 ms (FindLiveObjects: 5.193000 ms CreateObjectMapping: 2.518200 ms MarkObjects: 53.605600 ms  DeleteObjects: 53.001300 ms)

Unloading 11 Unused Serialized files (Serialized files now loaded: 2)
Deleting old auto-recovery backup: r_continue44799945-b1ea-4dae-9ae0-2c2d81746a41_1327.json
Created auto-recovery backup 1337 for r_continue44799945-b1ea-4dae-9ae0-2c2d81746a41
Profile Continue saved.
Unloading 3 unused Assets to reduce memory usage. Loaded Objects now: 87947.
Total: 62.151800 ms (FindLiveObjects: 4.540300 ms CreateObjectMapping: 2.264700 ms MarkObjects: 55.207800 ms  DeleteObjects: 0.138800 ms)

Failed to create agent because it is not close enough to the NavMesh
TravelToNode: Start waiting for clients
TravelToNode: All clients are ready
[DewResources] Preload Rule Added by Room_Forest_Combat_0: 310 (Nothing changed)
[DewResources] Maintenance Finished: 310 -> 308 (-2) (+0)
Received game result from server. didGameEnd: False
GetLinkId target Rift_RoomExit has no link type
Failed to create agent because it is not close enough to the NavMesh
Continue data saved.
Deleting old auto-recovery backup: r_continue44799945-b1ea-4dae-9ae0-2c2d81746a41_1328.json
Created auto-recovery backup 1338 for r_continue44799945-b1ea-4dae-9ae0-2c2d81746a41
Profile Continue saved.
Unloading 16 Unused Serialized files (Serialized files now loaded: 2)
UnloadTime: 6.729500 ms
Current scene: Room_Forest_Combat_2
Unloading 265 unused Assets to reduce memory usage. Loaded Objects now: 88571.
Total: 67.960800 ms (FindLiveObjects: 5.027600 ms CreateObjectMapping: 1.679100 ms MarkObjects: 56.823700 ms  DeleteObjects: 4.429900 ms)

Unloading 12 Unused Serialized files (Serialized files now loaded: 2)
Unloading 3 unused Assets to reduce memory usage. Loaded Objects now: 88573.
Total: 56.568500 ms (FindLiveObjects: 4.193900 ms CreateObjectMapping: 1.494700 ms MarkObjects: 50.733200 ms  DeleteObjects: 0.146300 ms)

Failed to create agent because it is not close enough to the NavMesh
TravelToNode: Start waiting for clients
TravelToNode: All clients are ready
[DewResources] Preload Rule Added by Room_Forest_Combat_2: 320 (Nothing changed)
[DewResources] Maintenance Finished: 321 -> 319 (-2) (+0)
Received game result from server. didGameEnd: False
GetLinkId target Rift_RoomExit has no link type
Failed to create agent because it is not close enough to the NavMesh
Continue data saved.
Unloading 17 Unused Serialized files (Serialized files now loaded: 2)
UnloadTime: 1.723900 ms
Current scene: Room_Forest_Combat_1_2
Unloading 468 unused Assets to reduce memory usage. Loaded Objects now: 88786.
Total: 69.019800 ms (FindLiveObjects: 5.791600 ms CreateObjectMapping: 2.114500 ms MarkObjects: 55.567100 ms  DeleteObjects: 5.546200 ms)

Unloading 13 Unused Serialized files (Serialized files now loaded: 2)
Deleting old auto-recovery backup: r_continue44799945-b1ea-4dae-9ae0-2c2d81746a41_1329.json
Created auto-recovery backup 1339 for r_continue44799945-b1ea-4dae-9ae0-2c2d81746a41
Profile Continue saved.
Unloading 3 unused Assets to reduce memory usage. Loaded Objects now: 88788.
Total: 59.152000 ms (FindLiveObjects: 4.313200 ms CreateObjectMapping: 1.466900 ms MarkObjects: 53.203600 ms  DeleteObjects: 0.167900 ms)

Failed to create agent because it is not close enough to the NavMesh
TravelToNode: Start waiting for clients
TravelToNode: All clients are ready
[DewResources] Preload Rule Added by Room_Forest_Combat_1_2: 331 (Nothing changed)
[DewResources] Maintenance Finished: 331 -> 329 (-2) (+0)
Received game result from server. didGameEnd: False
GetLinkId target Rift_RoomExit has no link type
Failed to create agent because it is not close enough to the NavMesh
Continue data saved.
Unloading 14 Unused Serialized files (Serialized files now loaded: 2)
UnloadTime: 2.138000 ms
Current scene: Room_Forest_Combat_1
Unloading 146 unused Assets to reduce memory usage. Loaded Objects now: 89022.
Total: 70.011500 ms (FindLiveObjects: 5.586600 ms CreateObjectMapping: 2.503800 ms MarkObjects: 58.057000 ms  DeleteObjects: 3.863800 ms)

Unloading 10 Unused Serialized files (Serialized files now loaded: 2)
Deleting old auto-recovery backup: r_continue44799945-b1ea-4dae-9ae0-2c2d81746a41_1330.json
Created auto-recovery backup 1340 for r_continue44799945-b1ea-4dae-9ae0-2c2d81746a41
Profile Continue saved.
Unloading 3 unused Assets to reduce memory usage. Loaded Objects now: 89024.
Total: 59.871300 ms (FindLiveObjects: 4.601000 ms CreateObjectMapping: 1.492000 ms MarkObjects: 53.644300 ms  DeleteObjects: 0.133700 ms)

Failed to create agent because it is not close enough to the NavMesh
TravelToNode: Start waiting for clients
Failed to create agent because it is not close enough to the NavMesh
Failed to create agent because it is not close enough to the NavMesh
Failed to create agent because it is not close enough to the NavMesh
TravelToNode: All clients are ready
[DewResources] Preload Rule Added by Room_Forest_Combat_1: 331 (Nothing changed)
[DewResources] Maintenance Finished: 331 -> 329 (-2) (+0)
Received game result from server. didGameEnd: False
GetLinkId target Rift_RoomExit has no link type
Failed to create agent because it is not close enough to the NavMesh
Continue data saved.
Unloading 11 Unused Serialized files (Serialized files now loaded: 2)
UnloadTime: 2.410900 ms
Current scene: Room_Forest_Combat_1_1
Unloading 408 unused Assets to reduce memory usage. Loaded Objects now: 89105.
Total: 69.966700 ms (FindLiveObjects: 5.928700 ms CreateObjectMapping: 1.848400 ms MarkObjects: 57.870100 ms  DeleteObjects: 4.319100 ms)

Unloading 10 Unused Serialized files (Serialized files now loaded: 2)
Deleting old auto-recovery backup: r_continue44799945-b1ea-4dae-9ae0-2c2d81746a41_1331.json
Created auto-recovery backup 1341 for r_continue44799945-b1ea-4dae-9ae0-2c2d81746a41
Profile Continue saved.
Unloading 3 unused Assets to reduce memory usage. Loaded Objects now: 89107.
Total: 60.605300 ms (FindLiveObjects: 5.095600 ms CreateObjectMapping: 1.527000 ms MarkObjects: 53.850400 ms  DeleteObjects: 0.132200 ms)

Failed to create agent because it is not close enough to the NavMesh
TravelToNode: Start waiting for clients
Failed to create agent because it is not close enough to the NavMesh
Failed to create agent because it is not close enough to the NavMesh
TravelToNode: All clients are ready
GetValidAgentPosition position is not a valid point on NavMesh!
Added modifier of type RoomMod_SpawnPotOfGreed
Added modifier of type RoomMod_SpawnWell
[DewResources] Preload Rule Added by Room_Forest_Combat_1_1: 342 (Nothing changed)
[DewResources] Maintenance Finished: 342 -> 338 (-4) (+0)
Received game result from server. didGameEnd: False
GetLinkId target Rift_RoomExit has no link type
Failed to create agent because it is not close enough to the NavMesh
Continue data saved.
Unloading 17 Unused Serialized files (Serialized files now loaded: 2)
UnloadTime: 7.886700 ms
Current scene: Room_Forest_Combat_4_1
Unloading 356 unused Assets to reduce memory usage. Loaded Objects now: 90820.
Total: 67.701100 ms (FindLiveObjects: 5.069100 ms CreateObjectMapping: 1.772800 ms MarkObjects: 55.294600 ms  DeleteObjects: 5.564300 ms)

Unloading 14 Unused Serialized files (Serialized files now loaded: 2)
Deleting old auto-recovery backup: r_continue44799945-b1ea-4dae-9ae0-2c2d81746a41_1332.json
Created auto-recovery backup 1342 for r_continue44799945-b1ea-4dae-9ae0-2c2d81746a41
Profile Continue saved.
Unloading 3 unused Assets to reduce memory usage. Loaded Objects now: 90822.
Total: 63.154600 ms (FindLiveObjects: 5.889700 ms CreateObjectMapping: 1.571600 ms MarkObjects: 55.558500 ms  DeleteObjects: 0.134500 ms)

Failed to create agent because it is not close enough to the NavMesh
TravelToNode: Start waiting for clients
TravelToNode: All clients are ready
Added modifier of type RoomMod_SpawnWell
Added modifier of type RoomMod_UnstableVeilOfTime
[DewResources] Preload Rule Added by Room_Forest_Combat_4_1: 352 (Nothing changed)
[DewResources] Maintenance Finished: 352 -> 349 (-3) (+0)
Received game result from server. didGameEnd: False
GetLinkId target Rift_RoomExit has no link type
Failed to create agent because it is not close enough to the NavMesh
Continue data saved.
Unloading 18 Unused Serialized files (Serialized files now loaded: 2)
UnloadTime: 1.658700 ms
Current scene: Room_Forest_Shop_2
Deleting old auto-recovery backup: r_continue44799945-b1ea-4dae-9ae0-2c2d81746a41_1333.json
Created auto-recovery backup 1343 for r_continue44799945-b1ea-4dae-9ae0-2c2d81746a41
Profile Continue saved.
Unloading 596 unused Assets to reduce memory usage. Loaded Objects now: 90800.
Total: 64.068900 ms (FindLiveObjects: 4.883100 ms CreateObjectMapping: 1.874400 ms MarkObjects: 56.832100 ms  DeleteObjects: 0.479200 ms)

Unloading 14 Unused Serialized files (Serialized files now loaded: 2)
Unloading 3 unused Assets to reduce memory usage. Loaded Objects now: 90916.
Total: 73.780800 ms (FindLiveObjects: 6.067100 ms CreateObjectMapping: 1.730000 ms MarkObjects: 65.837500 ms  DeleteObjects: 0.145600 ms)

Failed to create agent because it is not close enough to the NavMesh
TravelToNode: Start waiting for clients
[DewResources] Preload Rule Added by PropEnt_Merchant_Shop (1): 358 -> 367 (+9)
TravelToNode: All clients are ready
GetValidAgentPosition position is not a valid point on NavMesh!
GetValidAgentPosition position is not a valid point on NavMesh!
[DewResources] Preload Rule Added by Room_Forest_Shop_2: 367 (Nothing changed)
[DewResources] Maintenance Finished: 367 -> 367 (-3) (+3)
Received game result from server. didGameEnd: False
GetLinkId target Rift_RoomExit has no link type
Failed to create agent because it is not close enough to the NavMesh
Continue data saved.
Unloading 14 Unused Serialized files (Serialized files now loaded: 2)
UnloadTime: 1.822000 ms
Current scene: Room_Forest_Combat_0_2
Unloading 196 unused Assets to reduce memory usage. Loaded Objects now: 91499.
Total: 67.141000 ms (FindLiveObjects: 4.786100 ms CreateObjectMapping: 1.627500 ms MarkObjects: 59.127500 ms  DeleteObjects: 1.599500 ms)

Unloading 11 Unused Serialized files (Serialized files now loaded: 2)
Deleting old auto-recovery backup: r_continue44799945-b1ea-4dae-9ae0-2c2d81746a41_1334.json
Created auto-recovery backup 1344 for r_continue44799945-b1ea-4dae-9ae0-2c2d81746a41
Profile Continue saved.
Unloading 3 unused Assets to reduce memory usage. Loaded Objects now: 91615.
Total: 64.502200 ms (FindLiveObjects: 4.798100 ms CreateObjectMapping: 1.568800 ms MarkObjects: 57.997200 ms  DeleteObjects: 0.137800 ms)

Failed to create agent because it is not close enough to the NavMesh
TravelToNode: Start waiting for clients
Failed to create agent because it is not close enough to the NavMesh
Failed to create agent because it is not close enough to the NavMesh
TravelToNode: All clients are ready
Added modifier of type RoomMod_HarderFightBetterReward
Added modifier of type RoomMod_SpawnGuidance
[DewResources] Preload Rule Added by Room_Forest_Combat_0_2: 369 (Nothing changed)
[DewResources] Maintenance Finished: 370 -> 353 (-17) (+0)
Received game result from server. didGameEnd: False
GetLinkId target Rift_RoomExit has no link type
Failed to create agent because it is not close enough to the NavMesh
Continue data saved.
Deleting old auto-recovery backup: r_continue44799945-b1ea-4dae-9ae0-2c2d81746a41_1335.json
Created auto-recovery backup 1345 for r_continue44799945-b1ea-4dae-9ae0-2c2d81746a41
Profile Continue saved.
Unloading 21 Unused Serialized files (Serialized files now loaded: 2)
UnloadTime: 1.664400 ms
Current scene: Room_Forest_Combat_2_2
Unloading 631 unused Assets to reduce memory usage. Loaded Objects now: 93086.
Total: 72.529800 ms (FindLiveObjects: 7.293100 ms CreateObjectMapping: 2.445700 ms MarkObjects: 61.713800 ms  DeleteObjects: 1.077000 ms)

Unloading 14 Unused Serialized files (Serialized files now loaded: 2)
Unloading 3 unused Assets to reduce memory usage. Loaded Objects now: 93088.
Total: 70.864300 ms (FindLiveObjects: 5.443100 ms CreateObjectMapping: 1.503800 ms MarkObjects: 63.781000 ms  DeleteObjects: 0.136100 ms)

Failed to create agent because it is not close enough to the NavMesh
TravelToNode: Start waiting for clients
Failed to create agent because it is not close enough to the NavMesh
Failed to create agent because it is not close enough to the NavMesh
TravelToNode: All clients are ready
Added modifier of type RoomMod_SpawnGuidance
Added modifier of type RoomMod_SpawnMawOfDoom
Added modifier of type RoomMod_SpawnMiniBoss
[DewResources] Preload Rule Added by Room_Forest_Combat_2_2: 362 (Nothing changed)
[DewResources] Maintenance Finished: 362 -> 351 (-11) (+0)
Received game result from server. didGameEnd: False
GetLinkId target Rift_RoomExit has no link type
Failed to create agent because it is not close enough to the NavMesh
Continue data saved.
Unloading 15 Unused Serialized files (Serialized files now loaded: 2)
UnloadTime: 7.714000 ms
Current scene: Room_Forest_Combat_1_1
Unloading 413 unused Assets to reduce memory usage. Loaded Objects now: 91843.
Total: 76.699500 ms (FindLiveObjects: 5.235100 ms CreateObjectMapping: 1.519400 ms MarkObjects: 64.091500 ms  DeleteObjects: 5.853100 ms)

Unloading 14 Unused Serialized files (Serialized files now loaded: 2)
Deleting old auto-recovery backup: r_continue44799945-b1ea-4dae-9ae0-2c2d81746a41_1336.json
Created auto-recovery backup 1346 for r_continue44799945-b1ea-4dae-9ae0-2c2d81746a41
Profile Continue saved.
Unloading 3 unused Assets to reduce memory usage. Loaded Objects now: 91845.
Total: 63.109200 ms (FindLiveObjects: 5.342600 ms CreateObjectMapping: 1.527800 ms MarkObjects: 56.100600 ms  DeleteObjects: 0.137900 ms)

Failed to create agent because it is not close enough to the NavMesh
TravelToNode: Start waiting for clients
TravelToNode: All clients are ready
GetValidAgentPosition position is not a valid point on NavMesh!
Added modifier of type RoomMod_SpawnWell
[DewResources] Preload Rule Added by Room_Forest_Combat_1_1: 359 (Nothing changed)
[DewResources] Maintenance Finished: 359 -> 351 (-10) (+2)
Received game result from server. didGameEnd: False
GetLinkId target Rift_RoomExit has no link type
Failed to create agent because it is not close enough to the NavMesh
Continue data saved.
Unloading 14 Unused Serialized files (Serialized files now loaded: 2)
UnloadTime: 2.412400 ms
Current scene: Room_Forest_Combat_0_3
Unloading 257 unused Assets to reduce memory usage. Loaded Objects now: 91798.
Total: 73.942300 ms (FindLiveObjects: 5.176000 ms CreateObjectMapping: 1.636900 ms MarkObjects: 61.049500 ms  DeleteObjects: 6.079600 ms)

Unloading 11 Unused Serialized files (Serialized files now loaded: 2)
Deleting old auto-recovery backup: r_continue44799945-b1ea-4dae-9ae0-2c2d81746a41_1337.json
Created auto-recovery backup 1347 for r_continue44799945-b1ea-4dae-9ae0-2c2d81746a41
Profile Continue saved.
Unloading 3 unused Assets to reduce memory usage. Loaded Objects now: 91914.
Total: 70.394400 ms (FindLiveObjects: 5.494200 ms CreateObjectMapping: 1.874400 ms MarkObjects: 62.888300 ms  DeleteObjects: 0.137100 ms)

Failed to create agent because it is not close enough to the NavMesh
TravelToNode: Start waiting for clients
TravelToNode: All clients are ready
Added modifier of type RoomMod_SpawnGuidance
Added modifier of type RoomMod_SpawnHatred
[DewResources] Preload Rule Added by Room_Forest_Combat_0_3: 353 (Nothing changed)
[DewResources] Maintenance Finished: 378 -> 350 (-28) (+0)
Added modifier of type RoomMod_ChallengingFight
Received game result from server. didGameEnd: False
Attempted to serialize unspawned GameObject: Se_MiniBoss_OrbSpitter(Clone). Prefabs and unspawned GameObjects would always be null on the other side. Please spawn it before using it in [SyncVar]s/Rpcs/Cmds/NetworkMessages etc.
SetSyncVarNetworkIdentity NetworkIdentity [0] ~!Se_MiniBoss_OrbSpitter   on [1917] has a zero netId. Maybe it is not spawned yet?
SetSyncVarNetworkIdentity NetworkIdentity [0] ~!Se_MiniBoss_OrbSpitter   on [1917] has a zero netId. Maybe it is not spawned yet?
Effect '/Fx Shoot Caster/' parent not found
GetLinkId target Rift_RoomExit has no link type
Failed to create agent because it is not close enough to the NavMesh
Continue data saved.
Unloading 16 Unused Serialized files (Serialized files now loaded: 2)
UnloadTime: 1.997400 ms
Current scene: Room_Forest_Combat_4
Unloading 605 unused Assets to reduce memory usage. Loaded Objects now: 93042.
Total: 66.129200 ms (FindLiveObjects: 4.866800 ms CreateObjectMapping: 1.657300 ms MarkObjects: 55.255400 ms  DeleteObjects: 4.349200 ms)

Unloading 13 Unused Serialized files (Serialized files now loaded: 2)
Deleting old auto-recovery backup: r_continue44799945-b1ea-4dae-9ae0-2c2d81746a41_1338.json
Created auto-recovery backup 1348 for r_continue44799945-b1ea-4dae-9ae0-2c2d81746a41
Profile Continue saved.
Unloading 3 unused Assets to reduce memory usage. Loaded Objects now: 93044.
Total: 72.532800 ms (FindLiveObjects: 5.738900 ms CreateObjectMapping: 1.881900 ms MarkObjects: 64.758500 ms  DeleteObjects: 0.153200 ms)

Failed to create agent because it is not close enough to the NavMesh
TravelToNode: Start waiting for clients
TravelToNode: All clients are ready
[DewResources] Preload Rule Added by Room_Forest_Combat_4: 357 (Nothing changed)
[DewResources] Maintenance Finished: 358 -> 354 (-5) (+1)
Received game result from server. didGameEnd: False
GetLinkId target Rift_RoomExit has no link type
Failed to create agent because it is not close enough to the NavMesh
Continue data saved.
Deleting old auto-recovery backup: r_continue44799945-b1ea-4dae-9ae0-2c2d81746a41_1339.json
Created auto-recovery backup 1349 for r_continue44799945-b1ea-4dae-9ae0-2c2d81746a41
Profile Continue saved.
Unloading 14 Unused Serialized files (Serialized files now loaded: 2)
UnloadTime: 1.410200 ms
Current scene: Room_Forest_Boss_0
Unloading 731 unused Assets to reduce memory usage. Loaded Objects now: 92890.
Total: 70.026100 ms (FindLiveObjects: 4.931800 ms CreateObjectMapping: 1.707200 ms MarkObjects: 57.626100 ms  DeleteObjects: 5.760800 ms)

Unloading 13 Unused Serialized files (Serialized files now loaded: 2)
Unloading 3 unused Assets to reduce memory usage. Loaded Objects now: 93006.
Total: 63.963300 ms (FindLiveObjects: 5.372600 ms CreateObjectMapping: 1.593700 ms MarkObjects: 56.852200 ms  DeleteObjects: 0.144500 ms)

Failed to create agent because it is not close enough to the NavMesh
TravelToNode: Start waiting for clients
TravelToNode: All clients are ready
[DewResources] Preload Rule Added by Room_Forest_Boss_0: 358 -> 373 (+15)
[DewResources] Maintenance Finished: 373 -> 369 (-4) (+0)
Received game result from server. didGameEnd: False
GetLinkId target Rift_RoomExit has no link type
Continue data saved.
Deleting old auto-recovery backup: r_continue44799945-b1ea-4dae-9ae0-2c2d81746a41_1340.json
Created auto-recovery backup 1350 for r_continue44799945-b1ea-4dae-9ae0-2c2d81746a41
Profile Continue saved.
GetLinkId target Rift_RoomExit has no link type
Failed to create agent because it is not close enough to the NavMesh
Ambient level is now 2
Generated a map with 19 nodes (Target: 21)
Continue data saved.
Deleting old auto-recovery backup: r_continue44799945-b1ea-4dae-9ae0-2c2d81746a41_1341.json
Created auto-recovery backup 1351 for r_continue44799945-b1ea-4dae-9ae0-2c2d81746a41
Profile Continue saved.
Unloading 22 Unused Serialized files (Serialized files now loaded: 2)
UnloadTime: 1.991000 ms
Current scene: Room_LavaLand_Start_0
Unloading 385 unused Assets to reduce memory usage. Loaded Objects now: 96464.
Total: 83.067100 ms (FindLiveObjects: 5.090000 ms CreateObjectMapping: 1.705300 ms MarkObjects: 61.497100 ms  DeleteObjects: 14.774400 ms)

Unloading 16 Unused Serialized files (Serialized files now loaded: 2)
Unloading 3 unused Assets to reduce memory usage. Loaded Objects now: 96466.
Total: 70.772500 ms (FindLiveObjects: 5.519100 ms CreateObjectMapping: 1.877300 ms MarkObjects: 63.212300 ms  DeleteObjects: 0.163400 ms)

Failed to create agent because it is not close enough to the NavMesh
TravelToNode: Start waiting for clients
TravelToNode: All clients are ready
[DewResources] Preload Rule Added by Room_LavaLand_Start_0: 431 -> 462 (+31)
[DewResources] Maintenance Finished: 462 -> 392 (-72) (+2)
Received game result from server. didGameEnd: False
GetLinkId target Rift_RoomExit has no link type
Failed to create agent because it is not close enough to the NavMesh
Continue data saved.
Couldn't create a Convex Mesh from source mesh "ShattRocks_SR_1" within the maximum polygons limit (256). The partial hull will be used. Consider simplifying your mesh.
Deleting old auto-recovery backup: r_continue44799945-b1ea-4dae-9ae0-2c2d81746a41_1342.json
Created auto-recovery backup 1352 for r_continue44799945-b1ea-4dae-9ae0-2c2d81746a41
Profile Continue saved.
Unloading 31 Unused Serialized files (Serialized files now loaded: 2)
The tree 8 must use the Nature/Soft Occlusion shader. Otherwise billboarding/lighting will not work correctly.
The tree 9 must use the Nature/Soft Occlusion shader. Otherwise billboarding/lighting will not work correctly.
The tree 2 must use the Nature/Soft Occlusion shader. Otherwise billboarding/lighting will not work correctly.
UnloadTime: 2.140600 ms
TerrainCollider: MeshCollider is not supported on terrain at the moment.
TerrainCollider: MeshCollider is not supported on terrain at the moment.
TerrainCollider: MeshCollider is not supported on terrain at the moment.
TerrainCollider: MeshCollider is not supported on terrain at the moment.
TerrainCollider: MeshCollider is not supported on terrain at the moment.
TerrainCollider: MeshCollider is not supported on terrain at the moment.
TerrainCollider: MeshCollider is not supported on terrain at the moment.
TerrainCollider: MeshCollider is not supported on terrain at the moment.
TerrainCollider: MeshCollider is not supported on terrain at the moment.
TerrainCollider: MeshCollider is not supported on terrain at the moment.
TerrainCollider: MeshCollider is not supported on terrain at the moment.
TerrainCollider: MeshCollider is not supported on terrain at the moment.
TerrainCollider: MeshCollider is not supported on terrain at the moment.
TerrainCollider: MeshCollider is not supported on terrain at the moment.
TerrainCollider: MeshCollider is not supported on terrain at the moment.
TerrainCollider: MeshCollider is not supported on terrain at the moment.
TerrainCollider: MeshCollider is not supported on terrain at the moment.
TerrainCollider: MeshCollider is not supported on terrain at the moment.
TerrainCollider: MeshCollider is not supported on terrain at the moment.
TerrainCollider: MeshCollider is not supported on terrain at the moment.
TerrainCollider: MeshCollider is not supported on terrain at the moment.
TerrainCollider: MeshCollider is not supported on terrain at the moment.
TerrainCollider: MeshCollider is not supported on terrain at the moment.
TerrainCollider: MeshCollider is not supported on terrain at the moment.
Current scene: Room_LavaLand_Combat_3_1
Unloading 2169 unused Assets to reduce memory usage. Loaded Objects now: 98061.
Total: 78.344000 ms (FindLiveObjects: 6.081500 ms CreateObjectMapping: 1.811500 ms MarkObjects: 58.180500 ms  DeleteObjects: 12.270100 ms)

Unloading 22 Unused Serialized files (Serialized files now loaded: 2)
Unloading 3 unused Assets to reduce memory usage. Loaded Objects now: 98177.
Total: 82.499100 ms (FindLiveObjects: 6.312700 ms CreateObjectMapping: 2.245900 ms MarkObjects: 73.792700 ms  DeleteObjects: 0.147400 ms)

Failed to create agent because it is not close enough to the NavMesh
TravelToNode: Start waiting for clients
TravelToNode: All clients are ready
Added modifier of type RoomMod_SpawnGuidance
Added modifier of type RoomMod_SpawnWell
Added modifier of type RoomMod_SpawnMiniBoss
[DewResources] Preload Rule Added by Room_LavaLand_Combat_3_1: 394 (Nothing changed)
[DewResources] Maintenance Finished: 394 -> 377 (-17) (+0)
Received game result from server. didGameEnd: False
GetLinkId target Rift_RoomExit has no link type
Failed to create agent because it is not close enough to the NavMesh
Continue data saved.
Couldn't create a Convex Mesh from source mesh "ShattRocks_L1" within the maximum polygons limit (256). The partial hull will be used. Consider simplifying your mesh.
Deleting old auto-recovery backup: r_continue44799945-b1ea-4dae-9ae0-2c2d81746a41_1343.json
Created auto-recovery backup 1353 for r_continue44799945-b1ea-4dae-9ae0-2c2d81746a41
Profile Continue saved.
Unloading 30 Unused Serialized files (Serialized files now loaded: 2)
The tree 8 must use the Nature/Soft Occlusion shader. Otherwise billboarding/lighting will not work correctly.
The tree 9 must use the Nature/Soft Occlusion shader. Otherwise billboarding/lighting will not work correctly.
UnloadTime: 2.698800 ms
TerrainCollider: MeshCollider is not supported on terrain at the moment.
TerrainCollider: MeshCollider is not supported on terrain at the moment.
Current scene: Room_LavaLand_Combat_4_2
Unloading 1203 unused Assets to reduce memory usage. Loaded Objects now: 97684.
Total: 81.161500 ms (FindLiveObjects: 7.504300 ms CreateObjectMapping: 2.556800 ms MarkObjects: 64.205000 ms  DeleteObjects: 6.895200 ms)

Unloading 21 Unused Serialized files (Serialized files now loaded: 2)
Unloading 3 unused Assets to reduce memory usage. Loaded Objects now: 97686.
Total: 62.715900 ms (FindLiveObjects: 5.056500 ms CreateObjectMapping: 1.746900 ms MarkObjects: 55.763700 ms  DeleteObjects: 0.148600 ms)

Failed to create agent because it is not close enough to the NavMesh
TravelToNode: Start waiting for clients
TravelToNode: All clients are ready
Added modifier of type RoomMod_SpawnWell
Added modifier of type RoomMod_SpawnMiniBoss
[DewResources] Preload Rule Added by Room_LavaLand_Combat_4_2: 386 (Nothing changed)
[DewResources] Maintenance Finished: 386 -> 383 (-3) (+0)
Received game result from server. didGameEnd: False
GetLinkId target Rift_RoomExit has no link type
Failed to create agent because it is not close enough to the NavMesh
Continue data saved.
Unloading 28 Unused Serialized files (Serialized files now loaded: 2)
The tree 8 must use the Nature/Soft Occlusion shader. Otherwise billboarding/lighting will not work correctly.
The tree 9 must use the Nature/Soft Occlusion shader. Otherwise billboarding/lighting will not work correctly.
UnloadTime: 2.438800 ms
TerrainCollider: MeshCollider is not supported on terrain at the moment.
TerrainCollider: MeshCollider is not supported on terrain at the moment.
Current scene: Room_LavaLand_Combat_4_1
Unloading 297 unused Assets to reduce memory usage. Loaded Objects now: 97656.
Total: 68.990000 ms (FindLiveObjects: 5.072900 ms CreateObjectMapping: 1.988100 ms MarkObjects: 57.936300 ms  DeleteObjects: 3.992500 ms)

Unloading 18 Unused Serialized files (Serialized files now loaded: 2)
Deleting old auto-recovery backup: r_continue44799945-b1ea-4dae-9ae0-2c2d81746a41_1344.json
Created auto-recovery backup 1354 for r_continue44799945-b1ea-4dae-9ae0-2c2d81746a41
Profile Continue saved.
Unloading 3 unused Assets to reduce memory usage. Loaded Objects now: 97658.
Total: 66.517100 ms (FindLiveObjects: 5.619300 ms CreateObjectMapping: 1.637500 ms MarkObjects: 59.108300 ms  DeleteObjects: 0.151500 ms)

Failed to create agent because it is not close enough to the NavMesh
TravelToNode: Start waiting for clients
TravelToNode: All clients are ready
[DewResources] Preload Rule Added by Room_LavaLand_Combat_4_1: 389 (Nothing changed)
[DewResources] Maintenance Finished: 389 -> 386 (-3) (+0)
Received game result from server. didGameEnd: False
GetLinkId target Rift_RoomExit has no link type
Failed to create agent because it is not close enough to the NavMesh
Continue data saved.
Deleting old auto-recovery backup: r_continue44799945-b1ea-4dae-9ae0-2c2d81746a41_1345.json
Created auto-recovery backup 1355 for r_continue44799945-b1ea-4dae-9ae0-2c2d81746a41
Profile Continue saved.
Unloading 31 Unused Serialized files (Serialized files now loaded: 2)
The tree 8 must use the Nature/Soft Occlusion shader. Otherwise billboarding/lighting will not work correctly.
The tree 9 must use the Nature/Soft Occlusion shader. Otherwise billboarding/lighting will not work correctly.
UnloadTime: 2.104000 ms
TerrainCollider: MeshCollider is not supported on terrain at the moment.
TerrainCollider: MeshCollider is not supported on terrain at the moment.
Current scene: Room_LavaLand_Shop_1
Unloading 389 unused Assets to reduce memory usage. Loaded Objects now: 99025.
Total: 73.600500 ms (FindLiveObjects: 5.703400 ms CreateObjectMapping: 2.251400 ms MarkObjects: 63.473800 ms  DeleteObjects: 2.171500 ms)

Unloading 20 Unused Serialized files (Serialized files now loaded: 2)
Unloading 3 unused Assets to reduce memory usage. Loaded Objects now: 99027.
Total: 62.021700 ms (FindLiveObjects: 5.959500 ms CreateObjectMapping: 1.771100 ms MarkObjects: 54.136800 ms  DeleteObjects: 0.154000 ms)

Failed to create agent because it is not close enough to the NavMesh
DontDestroyOnLoad only works for root GameObjects or components on root GameObjects.
TravelToNode: Start waiting for clients
[DewResources] Preload Rule Added by PropEnt_Merchant_Shop (1): 395 -> 400 (+5)
TravelToNode: All clients are ready
[DewResources] Preload Rule Added by Room_LavaLand_Shop_1: 400 (Nothing changed)
[DewResources] Maintenance Finished: 400 -> 399 (-6) (+5)
Received game result from server. didGameEnd: False
Added modifier of type RoomMod_NoMerchant
GetLinkId target Rift_RoomExit has no link type
Failed to create agent because it is not close enough to the NavMesh
Continue data saved.
Couldn't create a Convex Mesh from source mesh "ShattRocks_SR_1" within the maximum polygons limit (256). The partial hull will be used. Consider simplifying your mesh.
Unloading 35 Unused Serialized files (Serialized files now loaded: 2)
The tree 8 must use the Nature/Soft Occlusion shader. Otherwise billboarding/lighting will not work correctly.
The tree 9 must use the Nature/Soft Occlusion shader. Otherwise billboarding/lighting will not work correctly.
The tree 2 must use the Nature/Soft Occlusion shader. Otherwise billboarding/lighting will not work correctly.
UnloadTime: 3.548200 ms
TerrainCollider: MeshCollider is not supported on terrain at the moment.
TerrainCollider: MeshCollider is not supported on terrain at the moment.
TerrainCollider: MeshCollider is not supported on terrain at the moment.
TerrainCollider: MeshCollider is not supported on terrain at the moment.
TerrainCollider: MeshCollider is not supported on terrain at the moment.
TerrainCollider: MeshCollider is not supported on terrain at the moment.
TerrainCollider: MeshCollider is not supported on terrain at the moment.
TerrainCollider: MeshCollider is not supported on terrain at the moment.
TerrainCollider: MeshCollider is not supported on terrain at the moment.
TerrainCollider: MeshCollider is not supported on terrain at the moment.
TerrainCollider: MeshCollider is not supported on terrain at the moment.
TerrainCollider: MeshCollider is not supported on terrain at the moment.
TerrainCollider: MeshCollider is not supported on terrain at the moment.
TerrainCollider: MeshCollider is not supported on terrain at the moment.
TerrainCollider: MeshCollider is not supported on terrain at the moment.
TerrainCollider: MeshCollider is not supported on terrain at the moment.
TerrainCollider: MeshCollider is not supported on terrain at the moment.
TerrainCollider: MeshCollider is not supported on terrain at the moment.
TerrainCollider: MeshCollider is not supported on terrain at the moment.
TerrainCollider: MeshCollider is not supported on terrain at the moment.
TerrainCollider: MeshCollider is not supported on terrain at the moment.
TerrainCollider: MeshCollider is not supported on terrain at the moment.
TerrainCollider: MeshCollider is not supported on terrain at the moment.
TerrainCollider: MeshCollider is not supported on terrain at the moment.
Renderer 'SM_DT5_003_LOD0' is registered with more than one LODGroup ('4' and 'SM_DT5_003').
Renderer 'SM_DT5_003_LOD1' is registered with more than one LODGroup ('4' and 'SM_DT5_003').
Renderer 'SM_DT5_003_LOD2' is registered with more than one LODGroup ('4' and 'SM_DT5_003').
Renderer 'SM_DT5_003_LOD0' is registered with more than one LODGroup ('4' and 'SM_DT5_003').
Renderer 'SM_DT5_003_LOD1' is registered with more than one LODGroup ('4' and 'SM_DT5_003').
Renderer 'SM_DT5_003_LOD2' is registered with more than one LODGroup ('4' and 'SM_DT5_003').
Current scene: Room_LavaLand_Combat_3_4
Unloading 1730 unused Assets to reduce memory usage. Loaded Objects now: 98942.
Total: 81.627400 ms (FindLiveObjects: 5.668700 ms CreateObjectMapping: 1.919600 ms MarkObjects: 59.350100 ms  DeleteObjects: 14.688700 ms)

Unloading 24 Unused Serialized files (Serialized files now loaded: 2)
Deleting old auto-recovery backup: r_continue44799945-b1ea-4dae-9ae0-2c2d81746a41_1346.json
Created auto-recovery backup 1356 for r_continue44799945-b1ea-4dae-9ae0-2c2d81746a41
Profile Continue saved.
Unloading 3 unused Assets to reduce memory usage. Loaded Objects now: 99058.
Total: 67.918100 ms (FindLiveObjects: 6.370800 ms CreateObjectMapping: 1.707500 ms MarkObjects: 59.693900 ms  DeleteObjects: 0.145700 ms)

Failed to create agent because it is not close enough to the NavMesh
Failed to create agent because it is not close enough to the NavMesh
TravelToNode: Start waiting for clients
TravelToNode: All clients are ready
Added modifier of type RoomMod_SpawnGuidance
Added modifier of type RoomMod_SpawnWell
[DewResources] Preload Rule Added by Room_LavaLand_Combat_3_4: 401 (Nothing changed)
[DewResources] Maintenance Finished: 401 -> 386 (-15) (+0)
Received game result from server. didGameEnd: False
GetLinkId target Rift_RoomExit has no link type
Failed to create agent because it is not close enough to the NavMesh
Continue data saved.
Couldn't create a Convex Mesh from source mesh "ShattRocks_L1" within the maximum polygons limit (256). The partial hull will be used. Consider simplifying your mesh.
Deleting old auto-recovery backup: r_continue44799945-b1ea-4dae-9ae0-2c2d81746a41_1347.json
Created auto-recovery backup 1357 for r_continue44799945-b1ea-4dae-9ae0-2c2d81746a41
Profile Continue saved.
Unloading 33 Unused Serialized files (Serialized files now loaded: 2)
UnloadTime: 3.610100 ms
TerrainCollider: MeshCollider is not supported on terrain at the moment.
TerrainCollider: MeshCollider is not supported on terrain at the moment.
TerrainCollider: MeshCollider is not supported on terrain at the moment.
TerrainCollider: MeshCollider is not supported on terrain at the moment.
TerrainCollider: MeshCollider is not supported on terrain at the moment.
TerrainCollider: MeshCollider is not supported on terrain at the moment.
TerrainCollider: MeshCollider is not supported on terrain at the moment.
TerrainCollider: MeshCollider is not supported on terrain at the moment.
TerrainCollider: MeshCollider is not supported on terrain at the moment.
TerrainCollider: MeshCollider is not supported on terrain at the moment.
TerrainCollider: MeshCollider is not supported on terrain at the moment.
TerrainCollider: MeshCollider is not supported on terrain at the moment.
TerrainCollider: MeshCollider is not supported on terrain at the moment.
TerrainCollider: MeshCollider is not supported on terrain at the moment.
TerrainCollider: MeshCollider is not supported on terrain at the moment.
TerrainCollider: MeshCollider is not supported on terrain at the moment.
TerrainCollider: MeshCollider is not supported on terrain at the moment.
TerrainCollider: MeshCollider is not supported on terrain at the moment.
TerrainCollider: MeshCollider is not supported on terrain at the moment.
TerrainCollider: MeshCollider is not supported on terrain at the moment.
TerrainCollider: MeshCollider is not supported on terrain at the moment.
TerrainCollider: MeshCollider is not supported on terrain at the moment.
Renderer 'SM_DT5_003_LOD0' is registered with more than one LODGroup ('SM_DT5_003' and 'SM_DT5_003').
Renderer 'SM_DT5_003_LOD1' is registered with more than one LODGroup ('SM_DT5_003' and 'SM_DT5_003').
Renderer 'SM_DT5_003_LOD2' is registered with more than one LODGroup ('SM_DT5_003' and 'SM_DT5_003').
Renderer 'SM_DT5_003_LOD0' is registered with more than one LODGroup ('SM_DT5_003' and 'SM_DT5_003').
Renderer 'SM_DT5_003_LOD1' is registered with more than one LODGroup ('SM_DT5_003' and 'SM_DT5_003').
Renderer 'SM_DT5_003_LOD2' is registered with more than one LODGroup ('SM_DT5_003' and 'SM_DT5_003').
Current scene: Room_LavaLand_Combat_1_1
Unloading 593 unused Assets to reduce memory usage. Loaded Objects now: 96644.
Total: 71.756900 ms (FindLiveObjects: 5.171000 ms CreateObjectMapping: 1.704200 ms MarkObjects: 57.227000 ms  DeleteObjects: 7.654500 ms)

Unloading 24 Unused Serialized files (Serialized files now loaded: 2)
Unloading 5 unused Assets to reduce memory usage. Loaded Objects now: 96644.
Total: 64.213600 ms (FindLiveObjects: 5.323000 ms CreateObjectMapping: 1.701200 ms MarkObjects: 57.015000 ms  DeleteObjects: 0.174000 ms)

Failed to create agent because it is not close enough to the NavMesh
TravelToNode: Start waiting for clients
Failed to create agent because it is not close enough to the NavMesh
Failed to create agent because it is not close enough to the NavMesh
Failed to create agent because it is not close enough to the NavMesh
Failed to create agent because it is not close enough to the NavMesh
Failed to create agent because it is not close enough to the NavMesh
Failed to create agent because it is not close enough to the NavMesh
Failed to create agent because it is not close enough to the NavMesh
Failed to create agent because it is not close enough to the NavMesh
TravelToNode: All clients are ready
GetValidAgentPosition position is not a valid point on NavMesh!
Added modifier of type RoomMod_GiftMerchant
[DewResources] Preload Rule Added by Room_LavaLand_Combat_1_1: 396 (Nothing changed)
[DewResources] Maintenance Finished: 396 -> 394 (-4) (+2)
[DewResources] Preload Rule Added by PropEnt_Merchant_Smoothie(Clone): 436 -> 500 (+64)
Received game result from server. didGameEnd: False
Quest_TreasureMap started step 'Default' 
GetLinkId target Rift_RoomExit has no link type
Failed to create agent because it is not close enough to the NavMesh
Continue data saved.
Unloading 31 Unused Serialized files (Serialized files now loaded: 2)
UnloadTime: 1.907200 ms
Current scene: Room_LavaLand_Combat_0_2
Deleting old auto-recovery backup: r_continue44799945-b1ea-4dae-9ae0-2c2d81746a41_1348.json
Created auto-recovery backup 1358 for r_continue44799945-b1ea-4dae-9ae0-2c2d81746a41
Profile Continue saved.
Unloading 709 unused Assets to reduce memory usage. Loaded Objects now: 101914.
Total: 68.359800 ms (FindLiveObjects: 5.189300 ms CreateObjectMapping: 1.935000 ms MarkObjects: 55.452400 ms  DeleteObjects: 5.782800 ms)

Unloading 20 Unused Serialized files (Serialized files now loaded: 2)
Unloading 3 unused Assets to reduce memory usage. Loaded Objects now: 101916.
Total: 62.332100 ms (FindLiveObjects: 5.367300 ms CreateObjectMapping: 2.162900 ms MarkObjects: 54.657400 ms  DeleteObjects: 0.144100 ms)

Failed to create agent because it is not close enough to the NavMesh
DontDestroyOnLoad only works for root GameObjects or components on root GameObjects.
TravelToNode: Start waiting for clients
TravelToNode: All clients are ready
Added modifier of type RoomMod_SpawnMiniBoss
[DewResources] Preload Rule Added by Room_LavaLand_Combat_0_2: 503 (Nothing changed)
[DewResources] Maintenance Finished: 503 -> 486 (-17) (+0)
Received game result from server. didGameEnd: False
GetLinkId target Rift_RoomExit has no link type
Failed to create agent because it is not close enough to the NavMesh
Continue data saved.
Unloading 27 Unused Serialized files (Serialized files now loaded: 2)
UnloadTime: 2.479500 ms
Current scene: Room_LavaLand_Combat_0_3
Unloading 971 unused Assets to reduce memory usage. Loaded Objects now: 100904.
Total: 90.067200 ms (FindLiveObjects: 8.020600 ms CreateObjectMapping: 2.861600 ms MarkObjects: 61.767000 ms  DeleteObjects: 17.417600 ms)

Unloading 17 Unused Serialized files (Serialized files now loaded: 2)
Deleting old auto-recovery backup: r_continue44799945-b1ea-4dae-9ae0-2c2d81746a41_1349.json
Created auto-recovery backup 1359 for r_continue44799945-b1ea-4dae-9ae0-2c2d81746a41
Profile Continue saved.
Unloading 3 unused Assets to reduce memory usage. Loaded Objects now: 100906.
Total: 65.199100 ms (FindLiveObjects: 5.456100 ms CreateObjectMapping: 1.799300 ms MarkObjects: 57.796600 ms  DeleteObjects: 0.146800 ms)

Failed to create agent because it is not close enough to the NavMesh
DontDestroyOnLoad only works for root GameObjects or components on root GameObjects.
TravelToNode: Start waiting for clients
TravelToNode: All clients are ready
[DewResources] Preload Rule Added by Room_LavaLand_Combat_0_3: 489 (Nothing changed)
[DewResources] Maintenance Finished: 489 -> 490 (-2) (+3)
Received game result from server. didGameEnd: False
GetLinkId target Rift_RoomExit has no link type
Failed to create agent because it is not close enough to the NavMesh
Continue data saved.
Unloading 24 Unused Serialized files (Serialized files now loaded: 2)
UnloadTime: 2.531800 ms
Current scene: Room_LavaLand_Combat_0
Deleting old auto-recovery backup: r_continue44799945-b1ea-4dae-9ae0-2c2d81746a41_1350.json
Created auto-recovery backup 1360 for r_continue44799945-b1ea-4dae-9ae0-2c2d81746a41
Profile Continue saved.
Unloading 318 unused Assets to reduce memory usage. Loaded Objects now: 100271.
Total: 70.022100 ms (FindLiveObjects: 5.198800 ms CreateObjectMapping: 1.951900 ms MarkObjects: 58.420300 ms  DeleteObjects: 4.450700 ms)

Unloading 16 Unused Serialized files (Serialized files now loaded: 2)
Unloading 3 unused Assets to reduce memory usage. Loaded Objects now: 100273.
Total: 61.839900 ms (FindLiveObjects: 5.185400 ms CreateObjectMapping: 1.755000 ms MarkObjects: 54.733700 ms  DeleteObjects: 0.165400 ms)

Failed to create agent because it is not close enough to the NavMesh
DontDestroyOnLoad only works for root GameObjects or components on root GameObjects.
TravelToNode: Start waiting for clients
TravelToNode: All clients are ready
Added modifier of type RoomMod_SpawnHiddenStash
[DewResources] Preload Rule Added by Room_LavaLand_Combat_0: 494 (Nothing changed)
[DewResources] Maintenance Finished: 494 -> 488 (-6) (+0)
Quest_TreasureMap ended step 'Default'
Received game result from server. didGameEnd: False
GetLinkId target Rift_RoomExit has no link type
Failed to create agent because it is not close enough to the NavMesh
Continue data saved.
Couldn't create a Convex Mesh from source mesh "ShattRocks_L1" within the maximum polygons limit (256). The partial hull will be used. Consider simplifying your mesh.
Unloading 22 Unused Serialized files (Serialized files now loaded: 2)
UnloadTime: 2.168400 ms
Current scene: Room_LavaLand_Boss_0
Deleting old auto-recovery backup: r_continue44799945-b1ea-4dae-9ae0-2c2d81746a41_1351.json
Created auto-recovery backup 1361 for r_continue44799945-b1ea-4dae-9ae0-2c2d81746a41
Profile Continue saved.
Unloading 512 unused Assets to reduce memory usage. Loaded Objects now: 110309.
Total: 69.051500 ms (FindLiveObjects: 5.668800 ms CreateObjectMapping: 2.521000 ms MarkObjects: 55.400100 ms  DeleteObjects: 5.461300 ms)

Unloading 16 Unused Serialized files (Serialized files now loaded: 2)
Unloading 3 unused Assets to reduce memory usage. Loaded Objects now: 110311.
Total: 63.618000 ms (FindLiveObjects: 6.204000 ms CreateObjectMapping: 2.404400 ms MarkObjects: 54.838400 ms  DeleteObjects: 0.171000 ms)

Failed to create agent because it is not close enough to the NavMesh
DontDestroyOnLoad only works for root GameObjects or components on root GameObjects.
TravelToNode: Start waiting for clients
TravelToNode: All clients are ready
[DewResources] Preload Rule Added by Room_LavaLand_Boss_0: 497 -> 519 (+22)
[DewResources] Maintenance Finished: 519 -> 510 (-9) (+0)
Received game result from server. didGameEnd: False
Achievement completed: ACH_NIGHT_OF_COUNTING_THE_STARS
New skill unlocked: St_Q_SuperNova
Deleting old auto-recovery backup: r_profile44799945-b1ea-4dae-9ae0-2c2d81746a41_491.json
Created auto-recovery backup 501 for r_profile44799945-b1ea-4dae-9ae0-2c2d81746a41
Profile Main saved.
GetLinkId target Rift_RoomExit has no link type
Continue data saved.
Deleting old auto-recovery backup: r_continue44799945-b1ea-4dae-9ae0-2c2d81746a41_1352.json
Created auto-recovery backup 1362 for r_continue44799945-b1ea-4dae-9ae0-2c2d81746a41
Profile Continue saved.
GetLinkId target Rift_RoomExit has no link type
Failed to create agent because it is not close enough to the NavMesh
Ambient level is now 3
Generated a map with 24 nodes (Target: 28)
Continue data saved.
Unloading 27 Unused Serialized files (Serialized files now loaded: 2)
Deleting old auto-recovery backup: r_continue44799945-b1ea-4dae-9ae0-2c2d81746a41_1353.json
Created auto-recovery backup 1363 for r_continue44799945-b1ea-4dae-9ae0-2c2d81746a41
Profile Continue saved.
UnloadTime: 12.328800 ms
Current scene: Room_Sky_Start_0
Unloading 949 unused Assets to reduce memory usage. Loaded Objects now: 102521.
Total: 84.194000 ms (FindLiveObjects: 6.910000 ms CreateObjectMapping: 3.117500 ms MarkObjects: 63.644200 ms  DeleteObjects: 10.522000 ms)

Unloading 21 Unused Serialized files (Serialized files now loaded: 2)
Unloading 3 unused Assets to reduce memory usage. Loaded Objects now: 102523.
Total: 74.060100 ms (FindLiveObjects: 5.627500 ms CreateObjectMapping: 2.323400 ms MarkObjects: 65.953100 ms  DeleteObjects: 0.155800 ms)

Failed to create agent because it is not close enough to the NavMesh
DontDestroyOnLoad only works for root GameObjects or components on root GameObjects.
TravelToNode: Start waiting for clients
TravelToNode: All clients are ready
[DewResources] Preload Rule Added by Room_Sky_Start_0: 574 (Nothing changed)
[DewResources] Maintenance Finished: 574 -> 478 (-106) (+10)
Received game result from server. didGameEnd: False
GetLinkId target Rift_RoomExit has no link type
Failed to create agent because it is not close enough to the NavMesh
Continue data saved.
Unloading 21 Unused Serialized files (Serialized files now loaded: 2)
UnloadTime: 1.737700 ms
Current scene: Room_Sky_Combat_0_4
Unloading 5039 unused Assets to reduce memory usage. Loaded Objects now: 97146.
Total: 85.947100 ms (FindLiveObjects: 6.578700 ms CreateObjectMapping: 2.300300 ms MarkObjects: 63.936800 ms  DeleteObjects: 13.130900 ms)

Unloading 16 Unused Serialized files (Serialized files now loaded: 2)
Deleting old auto-recovery backup: r_continue44799945-b1ea-4dae-9ae0-2c2d81746a41_1354.json
Created auto-recovery backup 1364 for r_continue44799945-b1ea-4dae-9ae0-2c2d81746a41
Profile Continue saved.
Unloading 3 unused Assets to reduce memory usage. Loaded Objects now: 97148.
Total: 62.333000 ms (FindLiveObjects: 5.046600 ms CreateObjectMapping: 1.861300 ms MarkObjects: 55.275100 ms  DeleteObjects: 0.149700 ms)

Failed to create agent because it is not close enough to the NavMesh
DontDestroyOnLoad only works for root GameObjects or components on root GameObjects.
TravelToNode: Start waiting for clients
TravelToNode: All clients are ready
Added modifier of type RoomMod_HarderFightBetterReward
Added modifier of type RoomMod_SpawnGuidance
[DewResources] Preload Rule Added by Room_Sky_Combat_0_4: 480 (Nothing changed)
[DewResources] Maintenance Finished: 481 -> 456 (-25) (+0)
Received game result from server. didGameEnd: False
GetLinkId target Rift_RoomExit has no link type
Failed to create agent because it is not close enough to the NavMesh
Continue data saved.
Unloading 21 Unused Serialized files (Serialized files now loaded: 2)
UnloadTime: 1.561700 ms
Current scene: Room_Sky_Combat_0_2
Unloading 1367 unused Assets to reduce memory usage. Loaded Objects now: 97721.
Total: 67.338400 ms (FindLiveObjects: 5.267700 ms CreateObjectMapping: 1.868300 ms MarkObjects: 54.052500 ms  DeleteObjects: 6.149600 ms)

Unloading 16 Unused Serialized files (Serialized files now loaded: 2)
Deleting old auto-recovery backup: r_continue44799945-b1ea-4dae-9ae0-2c2d81746a41_1355.json
Created auto-recovery backup 1365 for r_continue44799945-b1ea-4dae-9ae0-2c2d81746a41
Profile Continue saved.
Unloading 3 unused Assets to reduce memory usage. Loaded Objects now: 97723.
Total: 63.920400 ms (FindLiveObjects: 6.105200 ms CreateObjectMapping: 1.664600 ms MarkObjects: 56.009800 ms  DeleteObjects: 0.140400 ms)

Failed to create agent because it is not close enough to the NavMesh
DontDestroyOnLoad only works for root GameObjects or components on root GameObjects.
TravelToNode: Start waiting for clients
TravelToNode: All clients are ready
Added modifier of type RoomMod_Ambush
Added modifier of type RoomMod_SpawnGuidance
[DewResources] Preload Rule Added by Room_Sky_Combat_0_2: 476 (Nothing changed)
Clip not set in DewAudioSource 'Mon_Special_AmbushSpawner(Clone)'
[DewResources] Maintenance Finished: 476 -> 469 (-7) (+0)
Received game result from server. didGameEnd: False
GetLinkId target Rift_RoomExit has no link type
Failed to create agent because it is not close enough to the NavMesh
Continue data saved.
Unloading 26 Unused Serialized files (Serialized files now loaded: 2)
UnloadTime: 2.122000 ms
Current scene: Room_Sky_Combat_2
Deleting old auto-recovery backup: r_continue44799945-b1ea-4dae-9ae0-2c2d81746a41_1356.json
Created auto-recovery backup 1366 for r_continue44799945-b1ea-4dae-9ae0-2c2d81746a41
Profile Continue saved.
Unloading 298 unused Assets to reduce memory usage. Loaded Objects now: 112731.
Total: 72.007800 ms (FindLiveObjects: 5.854300 ms CreateObjectMapping: 2.076500 ms MarkObjects: 59.709600 ms  DeleteObjects: 4.367200 ms)

Unloading 21 Unused Serialized files (Serialized files now loaded: 2)
Unloading 3 unused Assets to reduce memory usage. Loaded Objects now: 112733.
Total: 62.283600 ms (FindLiveObjects: 5.938900 ms CreateObjectMapping: 2.198100 ms MarkObjects: 53.993400 ms  DeleteObjects: 0.152800 ms)

Failed to create agent because it is not close enough to the NavMesh
DontDestroyOnLoad only works for root GameObjects or components on root GameObjects.
TravelToNode: Start waiting for clients
TravelToNode: All clients are ready
Added modifier of type RoomMod_SpawnMiniBoss
[DewResources] Preload Rule Added by Room_Sky_Combat_2: 477 (Nothing changed)
[DewResources] Maintenance Finished: 477 -> 469 (-8) (+0)
Received game result from server. didGameEnd: False
GetLinkId target Rift_RoomExit has no link type
Failed to create agent because it is not close enough to the NavMesh
Continue data saved.
Unloading 25 Unused Serialized files (Serialized files now loaded: 2)
UnloadTime: 27.841400 ms
Current scene: Room_Sky_Combat_4
Unloading 1103 unused Assets to reduce memory usage. Loaded Objects now: 121276.
Total: 76.067800 ms (FindLiveObjects: 6.240300 ms CreateObjectMapping: 2.307600 ms MarkObjects: 58.114000 ms  DeleteObjects: 9.405600 ms)

Unloading 20 Unused Serialized files (Serialized files now loaded: 2)
Deleting old auto-recovery backup: r_continue44799945-b1ea-4dae-9ae0-2c2d81746a41_1357.json
Created auto-recovery backup 1367 for r_continue44799945-b1ea-4dae-9ae0-2c2d81746a41
Profile Continue saved.
Unloading 3 unused Assets to reduce memory usage. Loaded Objects now: 121278.
Total: 70.366100 ms (FindLiveObjects: 10.399200 ms CreateObjectMapping: 2.832300 ms MarkObjects: 56.968700 ms  DeleteObjects: 0.165500 ms)

Failed to create agent because it is not close enough to the NavMesh
DontDestroyOnLoad only works for root GameObjects or components on root GameObjects.
TravelToNode: Start waiting for clients
TravelToNode: All clients are ready
[DewResources] Preload Rule Added by Room_Sky_Combat_4: 476 (Nothing changed)
[DewResources] Maintenance Finished: 476 -> 472 (-4) (+0)
Received game result from server. didGameEnd: False
Achievement completed: ACH_PEACE_AMID_THE_STORM
New skill unlocked: St_R_Tranquility
Deleting old auto-recovery backup: r_profile44799945-b1ea-4dae-9ae0-2c2d81746a41_492.json
Created auto-recovery backup 502 for r_profile44799945-b1ea-4dae-9ae0-2c2d81746a41
Profile Main saved.
GetLinkId target Rift_RoomExit has no link type
Failed to create agent because it is not close enough to the NavMesh
Continue data saved.
Unloading 27 Unused Serialized files (Serialized files now loaded: 2)
UnloadTime: 10.429800 ms
Current scene: Room_Sky_Combat_2_3
Deleting old auto-recovery backup: r_continue44799945-b1ea-4dae-9ae0-2c2d81746a41_1358.json
Created auto-recovery backup 1368 for r_continue44799945-b1ea-4dae-9ae0-2c2d81746a41
Profile Continue saved.
Unloading 510 unused Assets to reduce memory usage. Loaded Objects now: 106777.
Total: 77.579700 ms (FindLiveObjects: 7.068300 ms CreateObjectMapping: 2.597200 ms MarkObjects: 61.714000 ms  DeleteObjects: 6.199900 ms)

Unloading 21 Unused Serialized files (Serialized files now loaded: 2)
Unloading 3 unused Assets to reduce memory usage. Loaded Objects now: 106779.
Total: 79.579400 ms (FindLiveObjects: 6.404100 ms CreateObjectMapping: 2.068200 ms MarkObjects: 70.946800 ms  DeleteObjects: 0.160000 ms)

Failed to create agent because it is not close enough to the NavMesh
DontDestroyOnLoad only works for root GameObjects or components on root GameObjects.
TravelToNode: Start waiting for clients
TravelToNode: All clients are ready
Added modifier of type RoomMod_HarderFightBetterReward
Added modifier of type RoomMod_SpawnGuidance
[DewResources] Preload Rule Added by Room_Sky_Combat_2_3: 475 (Nothing changed)
[DewResources] Maintenance Finished: 475 -> 472 (-3) (+0)
Received game result from server. didGameEnd: False
GetLinkId target Rift_RoomExit has no link type
Failed to create agent because it is not close enough to the NavMesh
Continue data saved.
Unloading 26 Unused Serialized files (Serialized files now loaded: 2)
UnloadTime: 13.317800 ms
Current scene: Room_Sky_Combat_4
Unloading 549 unused Assets to reduce memory usage. Loaded Objects now: 121853.
Total: 85.043800 ms (FindLiveObjects: 8.930400 ms CreateObjectMapping: 3.412600 ms MarkObjects: 64.721600 ms  DeleteObjects: 7.978900 ms)

Unloading 21 Unused Serialized files (Serialized files now loaded: 2)
Deleting old auto-recovery backup: r_continue44799945-b1ea-4dae-9ae0-2c2d81746a41_1359.json
Created auto-recovery backup 1369 for r_continue44799945-b1ea-4dae-9ae0-2c2d81746a41
Profile Continue saved.
Unloading 3 unused Assets to reduce memory usage. Loaded Objects now: 121855.
Total: 62.464300 ms (FindLiveObjects: 6.684200 ms CreateObjectMapping: 2.191800 ms MarkObjects: 53.411200 ms  DeleteObjects: 0.176600 ms)

Failed to create agent because it is not close enough to the NavMesh
DontDestroyOnLoad only works for root GameObjects or components on root GameObjects.
TravelToNode: Start waiting for clients
TravelToNode: All clients are ready
[DewResources] Preload Rule Added by Room_Sky_Combat_4: 484 (Nothing changed)
[DewResources] Maintenance Finished: 484 -> 476 (-8) (+0)
Received game result from server. didGameEnd: False
GetLinkId target Rift_RoomExit has no link type
Failed to create agent because it is not close enough to the NavMesh
Continue data saved.
Unloading 25 Unused Serialized files (Serialized files now loaded: 2)
UnloadTime: 10.376900 ms
Current scene: Room_Sky_Combat_2
Deleting old auto-recovery backup: r_continue44799945-b1ea-4dae-9ae0-2c2d81746a41_1360.json
Created auto-recovery backup 1370 for r_continue44799945-b1ea-4dae-9ae0-2c2d81746a41
Profile Continue saved.
Unloading 398 unused Assets to reduce memory usage. Loaded Objects now: 111856.
Total: 82.995200 ms (FindLiveObjects: 7.298900 ms CreateObjectMapping: 3.641900 ms MarkObjects: 67.331500 ms  DeleteObjects: 4.722600 ms)

Unloading 20 Unused Serialized files (Serialized files now loaded: 2)
Unloading 3 unused Assets to reduce memory usage. Loaded Objects now: 111858.
Total: 75.002400 ms (FindLiveObjects: 6.166000 ms CreateObjectMapping: 2.182000 ms MarkObjects: 66.451200 ms  DeleteObjects: 0.202800 ms)

Failed to create agent because it is not close enough to the NavMesh
DontDestroyOnLoad only works for root GameObjects or components on root GameObjects.
TravelToNode: Start waiting for clients
TravelToNode: All clients are ready
Added modifier of type RoomMod_SpawnMiniBoss
[DewResources] Preload Rule Added by Room_Sky_Combat_2: 479 (Nothing changed)
[DewResources] Maintenance Finished: 479 -> 475 (-4) (+0)
Received game result from server. didGameEnd: False
GetLinkId target Rift_RoomExit has no link type
Failed to create agent because it is not close enough to the NavMesh
Continue data saved.
Unloading 29 Unused Serialized files (Serialized files now loaded: 2)
UnloadTime: 26.135300 ms
Current scene: Room_Sky_Combat_1
Deleting old auto-recovery backup: r_continue44799945-b1ea-4dae-9ae0-2c2d81746a41_1361.json
Created auto-recovery backup 1371 for r_continue44799945-b1ea-4dae-9ae0-2c2d81746a41
Profile Continue saved.
Unloading 329 unused Assets to reduce memory usage. Loaded Objects now: 107163.
Total: 73.573400 ms (FindLiveObjects: 5.188500 ms CreateObjectMapping: 1.830400 ms MarkObjects: 58.360900 ms  DeleteObjects: 8.193200 ms)

Unloading 23 Unused Serialized files (Serialized files now loaded: 2)
Unloading 3 unused Assets to reduce memory usage. Loaded Objects now: 107165.
Total: 64.576500 ms (FindLiveObjects: 5.600800 ms CreateObjectMapping: 1.831300 ms MarkObjects: 56.986900 ms  DeleteObjects: 0.157200 ms)

Failed to create agent because it is not close enough to the NavMesh
DontDestroyOnLoad only works for root GameObjects or components on root GameObjects.
TravelToNode: Start waiting for clients
TravelToNode: All clients are ready
Added modifier of type RoomMod_SpawnGuidance
Added modifier of type RoomMod_SpawnMirrorOfRemorse
[DewResources] Preload Rule Added by Room_Sky_Combat_1: 478 (Nothing changed)
[DewResources] Maintenance Finished: 478 -> 475 (-3) (+0)
Received game result from server. didGameEnd: False
GetLinkId target Rift_RoomExit has no link type
Failed to create agent because it is not close enough to the NavMesh
Continue data saved.
Unloading 30 Unused Serialized files (Serialized files now loaded: 2)
UnloadTime: 4.402700 ms
Current scene: Room_Sky_Combat_3
Unloading 584 unused Assets to reduce memory usage. Loaded Objects now: 132161.
Total: 74.796500 ms (FindLiveObjects: 7.065700 ms CreateObjectMapping: 2.193200 ms MarkObjects: 54.298300 ms  DeleteObjects: 11.238900 ms)

Unloading 25 Unused Serialized files (Serialized files now loaded: 2)
Deleting old auto-recovery backup: r_continue44799945-b1ea-4dae-9ae0-2c2d81746a41_1362.json
Created auto-recovery backup 1372 for r_continue44799945-b1ea-4dae-9ae0-2c2d81746a41
Profile Continue saved.
Unloading 4 unused Assets to reduce memory usage. Loaded Objects now: 132163.
Total: 61.001700 ms (FindLiveObjects: 6.626000 ms CreateObjectMapping: 2.089200 ms MarkObjects: 52.122000 ms  DeleteObjects: 0.164000 ms)

Failed to create agent because it is not close enough to the NavMesh
DontDestroyOnLoad only works for root GameObjects or components on root GameObjects.
Failed to create agent because it is not close enough to the NavMesh
Failed to create agent because it is not close enough to the NavMesh
TravelToNode: Start waiting for clients
TravelToNode: All clients are ready
[DewResources] Preload Rule Added by Room_Sky_Combat_3: 480 (Nothing changed)
[DewResources] Maintenance Finished: 480 -> 479 (-3) (+2)
Received game result from server. didGameEnd: False
GetLinkId target Rift_RoomExit has no link type
Failed to create agent because it is not close enough to the NavMesh
Continue data saved.
Unloading 25 Unused Serialized files (Serialized files now loaded: 2)
UnloadTime: 11.296700 ms
Current scene: Room_Sky_Combat_3_1
Unloading 390 unused Assets to reduce memory usage. Loaded Objects now: 129871.
Total: 72.080400 ms (FindLiveObjects: 9.675300 ms CreateObjectMapping: 3.169400 ms MarkObjects: 54.256000 ms  DeleteObjects: 4.979500 ms)

Unloading 21 Unused Serialized files (Serialized files now loaded: 2)
Deleting old auto-recovery backup: r_continue44799945-b1ea-4dae-9ae0-2c2d81746a41_1363.json
Created auto-recovery backup 1373 for r_continue44799945-b1ea-4dae-9ae0-2c2d81746a41
Profile Continue saved.
Unloading 3 unused Assets to reduce memory usage. Loaded Objects now: 129873.
Total: 72.854600 ms (FindLiveObjects: 7.341800 ms CreateObjectMapping: 2.194500 ms MarkObjects: 63.135500 ms  DeleteObjects: 0.182400 ms)

Failed to create agent because it is not close enough to the NavMesh
DontDestroyOnLoad only works for root GameObjects or components on root GameObjects.
TravelToNode: Start waiting for clients
TravelToNode: All clients are ready
Added modifier of type RoomMod_SpawnMiniBoss
[DewResources] Preload Rule Added by Room_Sky_Combat_3_1: 484 (Nothing changed)
[DewResources] Maintenance Finished: 484 -> 481 (-3) (+0)
Received game result from server. didGameEnd: False
GetLinkId target Rift_RoomExit has no link type
Failed to create agent because it is not close enough to the NavMesh
Continue data saved.
Unloading 32 Unused Serialized files (Serialized files now loaded: 2)
UnloadTime: 11.117700 ms
Current scene: Room_Sky_Combat_2_2
Deleting old auto-recovery backup: r_continue44799945-b1ea-4dae-9ae0-2c2d81746a41_1364.json
Created auto-recovery backup 1374 for r_continue44799945-b1ea-4dae-9ae0-2c2d81746a41
Profile Continue saved.
Unloading 558 unused Assets to reduce memory usage. Loaded Objects now: 113853.
Total: 70.690100 ms (FindLiveObjects: 5.951300 ms CreateObjectMapping: 2.004200 ms MarkObjects: 57.567700 ms  DeleteObjects: 5.166600 ms)

Unloading 26 Unused Serialized files (Serialized files now loaded: 2)
Unloading 3 unused Assets to reduce memory usage. Loaded Objects now: 113855.
Total: 69.278900 ms (FindLiveObjects: 5.792900 ms CreateObjectMapping: 2.043000 ms MarkObjects: 61.277500 ms  DeleteObjects: 0.165300 ms)

Failed to create agent because it is not close enough to the NavMesh
DontDestroyOnLoad only works for root GameObjects or components on root GameObjects.
Failed to create agent because it is not close enough to the NavMesh
TravelToNode: Start waiting for clients
TravelToNode: All clients are ready
Added modifier of type RoomMod_SpawnWell
[DewResources] Preload Rule Added by Room_Sky_Combat_2_2: 486 (Nothing changed)
[DewResources] Maintenance Finished: 486 -> 481 (-5) (+0)
Received game result from server. didGameEnd: False
GetLinkId target Rift_RoomExit has no link type
Failed to create agent because it is not close enough to the NavMesh
Continue data saved.
Unloading 25 Unused Serialized files (Serialized files now loaded: 2)
UnloadTime: 28.889300 ms
Current scene: Room_Sky_Combat_0_3
Unloading 590 unused Assets to reduce memory usage. Loaded Objects now: 97546.
Total: 90.201900 ms (FindLiveObjects: 6.557400 ms CreateObjectMapping: 3.524400 ms MarkObjects: 63.883800 ms  DeleteObjects: 16.236100 ms)

Unloading 22 Unused Serialized files (Serialized files now loaded: 2)
Deleting old auto-recovery backup: r_continue44799945-b1ea-4dae-9ae0-2c2d81746a41_1365.json
Created auto-recovery backup 1375 for r_continue44799945-b1ea-4dae-9ae0-2c2d81746a41
Profile Continue saved.
Unloading 3 unused Assets to reduce memory usage. Loaded Objects now: 97548.
Total: 71.913800 ms (FindLiveObjects: 7.151000 ms CreateObjectMapping: 1.707200 ms MarkObjects: 62.910300 ms  DeleteObjects: 0.145100 ms)

Failed to create agent because it is not close enough to the NavMesh
DontDestroyOnLoad only works for root GameObjects or components on root GameObjects.
TravelToNode: Start waiting for clients
TravelToNode: All clients are ready
Added modifier of type RoomMod_GiftMerchant
[DewResources] Preload Rule Added by Room_Sky_Combat_0_3: 486 (Nothing changed)
[DewResources] Maintenance Finished: 491 -> 481 (-10) (+0)
[DewResources] Preload Rule Added by PropEnt_Merchant_Smoothie(Clone): 481 -> 507 (+26)
Received game result from server. didGameEnd: False
Quest_TreasureMap started step 'Default' 
GetLinkId target Rift_RoomExit has no link type
Failed to create agent because it is not close enough to the NavMesh
Continue data saved.
Unloading 25 Unused Serialized files (Serialized files now loaded: 2)
UnloadTime: 2.202800 ms
Current scene: Room_Sky_Combat_4_1
Deleting old auto-recovery backup: r_continue44799945-b1ea-4dae-9ae0-2c2d81746a41_1366.json
Created auto-recovery backup 1376 for r_continue44799945-b1ea-4dae-9ae0-2c2d81746a41
Profile Continue saved.
Unloading 636 unused Assets to reduce memory usage. Loaded Objects now: 124869.
Total: 72.354700 ms (FindLiveObjects: 8.415200 ms CreateObjectMapping: 4.144000 ms MarkObjects: 54.829000 ms  DeleteObjects: 4.966100 ms)

Unloading 18 Unused Serialized files (Serialized files now loaded: 2)
Unloading 3 unused Assets to reduce memory usage. Loaded Objects now: 124871.
Total: 66.148500 ms (FindLiveObjects: 7.632100 ms CreateObjectMapping: 2.343400 ms MarkObjects: 55.991000 ms  DeleteObjects: 0.181700 ms)

Failed to create agent because it is not close enough to the NavMesh
DontDestroyOnLoad only works for root GameObjects or components on root GameObjects.
Failed to create agent because it is not close enough to the NavMesh
TravelToNode: Start waiting for clients
TravelToNode: All clients are ready
GetValidAgentPosition position is not a valid point on NavMesh!
Added modifier of type RoomMod_SpawnWell
Added modifier of type RoomMod_SpawnMiniBoss
[DewResources] Preload Rule Added by Room_Sky_Combat_4_1: 511 (Nothing changed)
[DewResources] Maintenance Finished: 511 -> 505 (-6) (+0)
Received game result from server. didGameEnd: False
GetLinkId target Rift_RoomExit has no link type
Failed to create agent because it is not close enough to the NavMesh
Continue data saved.
Unloading 23 Unused Serialized files (Serialized files now loaded: 2)
UnloadTime: 16.229900 ms
Current scene: Room_Sky_Boss_0
Unloading 732 unused Assets to reduce memory usage. Loaded Objects now: 116403.
Total: 75.704300 ms (FindLiveObjects: 5.777300 ms CreateObjectMapping: 2.108400 ms MarkObjects: 59.095100 ms  DeleteObjects: 8.723100 ms)

Unloading 21 Unused Serialized files (Serialized files now loaded: 2)
Deleting old auto-recovery backup: r_continue44799945-b1ea-4dae-9ae0-2c2d81746a41_1367.json
Created auto-recovery backup 1377 for r_continue44799945-b1ea-4dae-9ae0-2c2d81746a41
Profile Continue saved.
Unloading 3 unused Assets to reduce memory usage. Loaded Objects now: 116405.
Total: 63.131900 ms (FindLiveObjects: 5.814400 ms CreateObjectMapping: 2.026100 ms MarkObjects: 55.126500 ms  DeleteObjects: 0.164500 ms)

Failed to create agent because it is not close enough to the NavMesh
DontDestroyOnLoad only works for root GameObjects or components on root GameObjects.
TravelToNode: Start waiting for clients
TravelToNode: All clients are ready
[DewResources] Preload Rule Added by Room_Sky_Boss_0: 510 -> 531 (+21)
[DewResources] Maintenance Finished: 531 -> 526 (-5) (+0)
Received game result from server. didGameEnd: False
Rev_KillHeroicBosses completed
Deleting old auto-recovery backup: r_profile44799945-b1ea-4dae-9ae0-2c2d81746a41_493.json
Created auto-recovery backup 503 for r_profile44799945-b1ea-4dae-9ae0-2c2d81746a41
Profile Main saved.
GetLinkId target Rift_RoomExit has no link type
Continue data saved.
Deleting old auto-recovery backup: r_continue44799945-b1ea-4dae-9ae0-2c2d81746a41_1368.json
Created auto-recovery backup 1378 for r_continue44799945-b1ea-4dae-9ae0-2c2d81746a41
Profile Continue saved.
GetLinkId target Rift_RoomExit has no link type
Failed to create agent because it is not close enough to the NavMesh
Ambient level is now 4
Generated a map with 24 nodes (Target: 28)
Continue data saved.
Couldn't create a Convex Mesh from source mesh "ShattRocks_SR_1" within the maximum polygons limit (256). The partial hull will be used. Consider simplifying your mesh.
Deleting old auto-recovery backup: r_continue44799945-b1ea-4dae-9ae0-2c2d81746a41_1369.json
Created auto-recovery backup 1379 for r_continue44799945-b1ea-4dae-9ae0-2c2d81746a41
Profile Continue saved.
Unloading 23 Unused Serialized files (Serialized files now loaded: 2)
UnloadTime: 8.325300 ms
Current scene: Room_Despair_Start_0
Unloading 587 unused Assets to reduce memory usage. Loaded Objects now: 134006.
Total: 75.607200 ms (FindLiveObjects: 6.959100 ms CreateObjectMapping: 2.326300 ms MarkObjects: 55.145100 ms  DeleteObjects: 11.176400 ms)

Unloading 22 Unused Serialized files (Serialized files now loaded: 2)
Unloading 3 unused Assets to reduce memory usage. Loaded Objects now: 134008.
Total: 60.988500 ms (FindLiveObjects: 6.608200 ms CreateObjectMapping: 2.226800 ms MarkObjects: 51.877600 ms  DeleteObjects: 0.275500 ms)

Failed to create agent because it is not close enough to the NavMesh
TravelToNode: Start waiting for clients
TravelToNode: All clients are ready
[DewResources] Preload Rule Added by Room_Despair_Start_0: 583 (Nothing changed)
[DewResources] Maintenance Finished: 583 -> 539 (-46) (+2)
Received game result from server. didGameEnd: False
GetLinkId target Rift_RoomExit has no link type
Failed to create agent because it is not close enough to the NavMesh
Continue data saved.
Unloading 24 Unused Serialized files (Serialized files now loaded: 2)
UnloadTime: 7.878700 ms
Current scene: Room_Despair_Combat_2_2
Deleting old auto-recovery backup: r_continue44799945-b1ea-4dae-9ae0-2c2d81746a41_1370.json
Created auto-recovery backup 1380 for r_continue44799945-b1ea-4dae-9ae0-2c2d81746a41
Profile Continue saved.
Unloading 1630 unused Assets to reduce memory usage. Loaded Objects now: 122188.
Total: 87.037000 ms (FindLiveObjects: 8.579700 ms CreateObjectMapping: 3.730000 ms MarkObjects: 65.615500 ms  DeleteObjects: 9.111300 ms)

Unloading 20 Unused Serialized files (Serialized files now loaded: 2)
Unloading 3 unused Assets to reduce memory usage. Loaded Objects now: 122188.
Total: 69.174500 ms (FindLiveObjects: 6.749200 ms CreateObjectMapping: 2.226800 ms MarkObjects: 60.036000 ms  DeleteObjects: 0.162300 ms)

Failed to create agent because it is not close enough to the NavMesh
DontDestroyOnLoad only works for root GameObjects or components on root GameObjects.
TravelToNode: Start waiting for clients
TravelToNode: All clients are ready
Added modifier of type RoomMod_HarderFightBetterReward
Added modifier of type RoomMod_SpawnGuidance
[DewResources] Preload Rule Added by Room_Despair_Combat_2_2: 543 (Nothing changed)
[DewResources] Maintenance Finished: 543 -> 520 (-24) (+1)
Received game result from server. didGameEnd: False
GetLinkId target Rift_RoomExit has no link type
Failed to create agent because it is not close enough to the NavMesh
Continue data saved.
Unloading 21 Unused Serialized files (Serialized files now loaded: 2)
UnloadTime: 14.924300 ms
Current scene: Room_Despair_Combat_1
Deleting old auto-recovery backup: r_continue44799945-b1ea-4dae-9ae0-2c2d81746a41_1371.json
Created auto-recovery backup 1381 for r_continue44799945-b1ea-4dae-9ae0-2c2d81746a41
Profile Continue saved.
Unloading 2787 unused Assets to reduce memory usage. Loaded Objects now: 142610.
Total: 83.466600 ms (FindLiveObjects: 8.587200 ms CreateObjectMapping: 4.016200 ms MarkObjects: 58.174200 ms  DeleteObjects: 12.688900 ms)

Unloading 18 Unused Serialized files (Serialized files now loaded: 2)
Unloading 3 unused Assets to reduce memory usage. Loaded Objects now: 142612.
Total: 72.992100 ms (FindLiveObjects: 7.435700 ms CreateObjectMapping: 2.275000 ms MarkObjects: 63.099800 ms  DeleteObjects: 0.181400 ms)

Failed to create agent because it is not close enough to the NavMesh
DontDestroyOnLoad only works for root GameObjects or components on root GameObjects.
TravelToNode: Start waiting for clients
TravelToNode: All clients are ready
Added modifier of type RoomMod_SpawnGuidance
Added modifier of type RoomMod_SpawnMawOfDoom
[DewResources] Preload Rule Added by Room_Despair_Combat_1: 538 (Nothing changed)
[DewResources] Maintenance Finished: 538 -> 533 (-5) (+0)
Received game result from server. didGameEnd: False
GetLinkId target Rift_RoomExit has no link type
Failed to create agent because it is not close enough to the NavMesh
Continue data saved.
Unloading 18 Unused Serialized files (Serialized files now loaded: 2)
UnloadTime: 24.373600 ms
Current scene: Room_Despair_Combat_1_1
Deleting old auto-recovery backup: r_continue44799945-b1ea-4dae-9ae0-2c2d81746a41_1372.json
Created auto-recovery backup 1382 for r_continue44799945-b1ea-4dae-9ae0-2c2d81746a41
Profile Continue saved.
Unloading 254 unused Assets to reduce memory usage. Loaded Objects now: 143757.
Total: 70.899500 ms (FindLiveObjects: 7.360600 ms CreateObjectMapping: 2.153500 ms MarkObjects: 57.546800 ms  DeleteObjects: 3.838400 ms)

Unloading 15 Unused Serialized files (Serialized files now loaded: 2)
Unloading 3 unused Assets to reduce memory usage. Loaded Objects now: 143759.
Total: 70.090300 ms (FindLiveObjects: 7.792900 ms CreateObjectMapping: 2.268100 ms MarkObjects: 59.857900 ms  DeleteObjects: 0.171200 ms)

Failed to create agent because it is not close enough to the NavMesh
DontDestroyOnLoad only works for root GameObjects or components on root GameObjects.
TravelToNode: Start waiting for clients
TravelToNode: All clients are ready
GetValidAgentPosition position is not a valid point on NavMesh!
Added modifier of type RoomMod_SpawnGuidance
Added modifier of type RoomMod_SpawnPotOfGreed
Added modifier of type RoomMod_SpawnMiniBoss
[DewResources] Preload Rule Added by Room_Despair_Combat_1_1: 546 (Nothing changed)
[DewResources] Maintenance Finished: 546 -> 543 (-3) (+0)
Received game result from server. didGameEnd: False
GetLinkId target Rift_RoomExit has no link type
Failed to create agent because it is not close enough to the NavMesh
Continue data saved.
Unloading 23 Unused Serialized files (Serialized files now loaded: 2)
UnloadTime: 22.162000 ms
Current scene: Room_Despair_Combat_3
Deleting old auto-recovery backup: r_continue44799945-b1ea-4dae-9ae0-2c2d81746a41_1373.json
Created auto-recovery backup 1383 for r_continue44799945-b1ea-4dae-9ae0-2c2d81746a41
Profile Continue saved.
Unloading 655 unused Assets to reduce memory usage. Loaded Objects now: 133182.
Total: 82.558000 ms (FindLiveObjects: 7.305800 ms CreateObjectMapping: 2.279100 ms MarkObjects: 62.154000 ms  DeleteObjects: 10.818800 ms)

Unloading 18 Unused Serialized files (Serialized files now loaded: 2)
Unloading 3 unused Assets to reduce memory usage. Loaded Objects now: 133184.
Total: 67.788100 ms (FindLiveObjects: 7.123400 ms CreateObjectMapping: 2.255300 ms MarkObjects: 58.241400 ms  DeleteObjects: 0.167900 ms)

Failed to create agent because it is not close enough to the NavMesh
DontDestroyOnLoad only works for root GameObjects or components on root GameObjects.
DontDestroyOnLoad only works for root GameObjects or components on root GameObjects.
TravelToNode: Start waiting for clients
TravelToNode: All clients are ready
Added modifier of type RoomMod_SpawnWell
Added modifier of type RoomMod_SpawnMiniBoss
[DewResources] Preload Rule Added by Room_Despair_Combat_3: 557 (Nothing changed)
[DewResources] Maintenance Finished: 557 -> 551 (-6) (+0)
Received game result from server. didGameEnd: False
GetLinkId target Rift_RoomExit has no link type
Failed to create agent because it is not close enough to the NavMesh
Continue data saved.
Couldn't create a Convex Mesh from source mesh "ShattRocks_SR_1" within the maximum polygons limit (256). The partial hull will be used. Consider simplifying your mesh.
Unloading 22 Unused Serialized files (Serialized files now loaded: 2)
UnloadTime: 29.336200 ms
Current scene: Room_Despair_Combat_0_3
Deleting old auto-recovery backup: r_continue44799945-b1ea-4dae-9ae0-2c2d81746a41_1374.json
Created auto-recovery backup 1384 for r_continue44799945-b1ea-4dae-9ae0-2c2d81746a41
Profile Continue saved.
Unloading 805 unused Assets to reduce memory usage. Loaded Objects now: 164104.
Total: 80.958500 ms (FindLiveObjects: 9.817000 ms CreateObjectMapping: 3.503300 ms MarkObjects: 63.084800 ms  DeleteObjects: 4.552900 ms)

Unloading 19 Unused Serialized files (Serialized files now loaded: 2)
Unloading 3 unused Assets to reduce memory usage. Loaded Objects now: 164106.
Total: 67.590300 ms (FindLiveObjects: 8.282100 ms CreateObjectMapping: 2.127800 ms MarkObjects: 56.991700 ms  DeleteObjects: 0.188300 ms)

Failed to create agent because it is not close enough to the NavMesh
DontDestroyOnLoad only works for root GameObjects or components on root GameObjects.
TravelToNode: Start waiting for clients
TravelToNode: All clients are ready
GetValidAgentPosition position is not a valid point on NavMesh!
Added modifier of type RoomMod_SpawnWell
Added modifier of type RoomMod_WarpingField
[DewResources] Preload Rule Added by Room_Despair_Combat_0_3: 568 (Nothing changed)
[DewResources] Maintenance Finished: 568 -> 561 (-7) (+0)
Received game result from server. didGameEnd: False
GetLinkId target Rift_RoomExit has no link type
Failed to create agent because it is not close enough to the NavMesh
Continue data saved.
Unloading 25 Unused Serialized files (Serialized files now loaded: 2)
UnloadTime: 40.693300 ms
Current scene: Room_Despair_Combat_3_4
Deleting old auto-recovery backup: r_continue44799945-b1ea-4dae-9ae0-2c2d81746a41_1375.json
Created auto-recovery backup 1385 for r_continue44799945-b1ea-4dae-9ae0-2c2d81746a41
Profile Continue saved.
Unloading 558 unused Assets to reduce memory usage. Loaded Objects now: 122146.
Total: 81.005400 ms (FindLiveObjects: 8.490700 ms CreateObjectMapping: 2.215200 ms MarkObjects: 59.278400 ms  DeleteObjects: 11.020600 ms)

Unloading 20 Unused Serialized files (Serialized files now loaded: 2)
Unloading 3 unused Assets to reduce memory usage. Loaded Objects now: 122148.
Total: 65.297500 ms (FindLiveObjects: 6.172500 ms CreateObjectMapping: 2.194700 ms MarkObjects: 56.752400 ms  DeleteObjects: 0.177700 ms)

Failed to create agent because it is not close enough to the NavMesh
DontDestroyOnLoad only works for root GameObjects or components on root GameObjects.
TravelToNode: Start waiting for clients
TravelToNode: All clients are ready
Added modifier of type RoomMod_SpawnWell
[DewResources] Preload Rule Added by Room_Despair_Combat_3_4: 568 (Nothing changed)
[DewResources] Maintenance Finished: 568 -> 563 (-7) (+2)
Added modifier of type RoomMod_ChallengingFight
Received game result from server. didGameEnd: False
GetLinkId target Rift_RoomExit has no link type
Failed to create agent because it is not close enough to the NavMesh
Continue data saved.
Unloading 25 Unused Serialized files (Serialized files now loaded: 2)
UnloadTime: 18.040700 ms
Current scene: Room_Despair_Combat_3_2
Deleting old auto-recovery backup: r_continue44799945-b1ea-4dae-9ae0-2c2d81746a41_1376.json
Created auto-recovery backup 1386 for r_continue44799945-b1ea-4dae-9ae0-2c2d81746a41
Profile Continue saved.
Unloading 471 unused Assets to reduce memory usage. Loaded Objects now: 144385.
Total: 79.082500 ms (FindLiveObjects: 9.387700 ms CreateObjectMapping: 3.512600 ms MarkObjects: 60.702200 ms  DeleteObjects: 5.479500 ms)

Unloading 18 Unused Serialized files (Serialized files now loaded: 2)
Unloading 3 unused Assets to reduce memory usage. Loaded Objects now: 144387.
Total: 71.220500 ms (FindLiveObjects: 8.666000 ms CreateObjectMapping: 2.236600 ms MarkObjects: 60.123500 ms  DeleteObjects: 0.194000 ms)

Failed to create agent because it is not close enough to the NavMesh
DontDestroyOnLoad only works for root GameObjects or components on root GameObjects.
TravelToNode: Start waiting for clients
TravelToNode: All clients are ready
Added modifier of type RoomMod_SpawnHiddenStash
[DewResources] Preload Rule Added by Room_Despair_Combat_3_2: 570 (Nothing changed)
[DewResources] Maintenance Finished: 570 -> 562 (-9) (+1)
Quest_TreasureMap ended step 'Default'
Received game result from server. didGameEnd: False
GetLinkId target Rift_RoomExit has no link type
Failed to create agent because it is not close enough to the NavMesh
Continue data saved.
Couldn't create a Convex Mesh from source mesh "ShattRocks_SR_1" within the maximum polygons limit (256). The partial hull will be used. Consider simplifying your mesh.
Unloading 22 Unused Serialized files (Serialized files now loaded: 2)
UnloadTime: 49.120500 ms
Current scene: Room_Despair_Boss_0
Deleting old auto-recovery backup: r_continue44799945-b1ea-4dae-9ae0-2c2d81746a41_1377.json
Created auto-recovery backup 1387 for r_continue44799945-b1ea-4dae-9ae0-2c2d81746a41
Profile Continue saved.
Unloading 1150 unused Assets to reduce memory usage. Loaded Objects now: 138815.
Total: 78.593200 ms (FindLiveObjects: 9.266000 ms CreateObjectMapping: 3.675200 ms MarkObjects: 60.734800 ms  DeleteObjects: 4.916800 ms)

Unloading 19 Unused Serialized files (Serialized files now loaded: 2)
Unloading 3 unused Assets to reduce memory usage. Loaded Objects now: 138817.
Total: 67.723700 ms (FindLiveObjects: 7.862400 ms CreateObjectMapping: 2.206400 ms MarkObjects: 57.481000 ms  DeleteObjects: 0.173700 ms)

Failed to create agent because it is not close enough to the NavMesh
TravelToNode: Start waiting for clients
TravelToNode: All clients are ready
[DewResources] Preload Rule Added by Room_Despair_Boss_0: 568 -> 591 (+23)
[DewResources] Maintenance Finished: 591 -> 584 (-7) (+0)
Received game result from server. didGameEnd: False
GetLinkId target Rift_RoomExit has no link type
Continue data saved.
Creating Rift_Sidetrack_TheDream in Room_Despair_Boss_0
Deleting old auto-recovery backup: r_continue44799945-b1ea-4dae-9ae0-2c2d81746a41_1378.json
Created auto-recovery backup 1388 for r_continue44799945-b1ea-4dae-9ae0-2c2d81746a41
Profile Continue saved.
GetLinkId target Rift_RoomExit has no link type
Failed to create agent because it is not close enough to the NavMesh
Ambient level is now 5
Generated a map with 3 nodes (Target: 3)
Continue data saved.
Unloading 27 Unused Serialized files (Serialized files now loaded: 2)
Deleting old auto-recovery backup: r_continue44799945-b1ea-4dae-9ae0-2c2d81746a41_1379.json
Created auto-recovery backup 1389 for r_continue44799945-b1ea-4dae-9ae0-2c2d81746a41
Profile Continue saved.
UnloadTime: 16.669900 ms
Current scene: Room_Primus_Start_0
Unloading 879 unused Assets to reduce memory usage. Loaded Objects now: 115601.
Total: 77.779700 ms (FindLiveObjects: 6.227400 ms CreateObjectMapping: 2.471100 ms MarkObjects: 66.609400 ms  DeleteObjects: 2.471500 ms)

Unloading 24 Unused Serialized files (Serialized files now loaded: 2)
Unloading 3 unused Assets to reduce memory usage. Loaded Objects now: 115717.
Total: 80.137400 ms (FindLiveObjects: 7.515600 ms CreateObjectMapping: 2.393600 ms MarkObjects: 70.017200 ms  DeleteObjects: 0.210100 ms)

Failed to create agent because it is not close enough to the NavMesh
TravelToNode: Start waiting for clients
TravelToNode: All clients are ready
[DewResources] Preload Rule Added by Room_Primus_Start_0: 602 (Nothing changed)
[DewResources] Preload Rule Added by PropEnt_Merchant_Unmanned (1): 602 -> 608 (+6)
[DewResources] Maintenance Finished: 608 -> 544 (-66) (+2)
Received game result from server. didGameEnd: False
GetLinkId target Rift_RoomExit has no link type
Failed to create agent because it is not close enough to the NavMesh
Continue data saved.
Deleting old auto-recovery backup: r_continue44799945-b1ea-4dae-9ae0-2c2d81746a41_1380.json
Created auto-recovery backup 1390 for r_continue44799945-b1ea-4dae-9ae0-2c2d81746a41
Profile Continue saved.
Unloading 28 Unused Serialized files (Serialized files now loaded: 2)
UnloadTime: 9.634400 ms
Current scene: Room_Primus_Combat_0
Unloading 3628 unused Assets to reduce memory usage. Loaded Objects now: 146594.
Total: 84.496900 ms (FindLiveObjects: 8.797200 ms CreateObjectMapping: 4.340900 ms MarkObjects: 65.836100 ms  DeleteObjects: 5.522200 ms)

Unloading 24 Unused Serialized files (Serialized files now loaded: 2)
Unloading 3 unused Assets to reduce memory usage. Loaded Objects now: 146711.
Total: 66.293100 ms (FindLiveObjects: 8.760200 ms CreateObjectMapping: 2.398100 ms MarkObjects: 54.943900 ms  DeleteObjects: 0.190700 ms)

Failed to create agent because it is not close enough to the NavMesh
TravelToNode: Start waiting for clients
TravelToNode: All clients are ready
[DewResources] Preload Rule Added by Room_Primus_Combat_0: 554 (Nothing changed)
[DewResources] Maintenance Finished: 554 -> 507 (-48) (+1)
Received game result from server. didGameEnd: False
Failed to create agent because it is not close enough to the NavMesh
Continue data saved.
Deleting old auto-recovery backup: r_continue44799945-b1ea-4dae-9ae0-2c2d81746a41_1381.json
Created auto-recovery backup 1391 for r_continue44799945-b1ea-4dae-9ae0-2c2d81746a41
Profile Continue saved.
Unloading 29 Unused Serialized files (Serialized files now loaded: 2)
UnloadTime: 12.379900 ms
Current scene: Room_Primus_Boss_0
BoxCollider does not support negative scale or size.
The effective box size has been forced positive and is likely to give unexpected collision geometry.
If you absolutely need to use negative scaling you can use the convex MeshCollider. Scene hierarchy path "Props/M_StoneFloor_A/4/SM_ArchWallStone_Blind_Column_F_4x6_A51/Collider (1)"
BoxCollider does not support negative scale or size.
The effective box size has been forced positive and is likely to give unexpected collision geometry.
If you absolutely need to use negative scaling you can use the convex MeshCollider. Scene hierarchy path "Props/M_StoneFloor_A/4/SM_ArchWallStone_Blind_Column_F_4x6_A55/Collider (1)"
BoxCollider does not support negative scale or size.
The effective box size has been forced positive and is likely to give unexpected collision geometry.
If you absolutely need to use negative scaling you can use the convex MeshCollider. Scene hierarchy path "Props/M_StoneFloor_A/GameObject (1)/SM_WallBorder_BrickC_8m_A30/Collider (1)"
BoxCollider does not support negative scale or size.
The effective box size has been forced positive and is likely to give unexpected collision geometry.
If you absolutely need to use negative scaling you can use the convex MeshCollider. Scene hierarchy path "Props/M_StoneFloor_A/GameObject (1)/SM_WallBorder_BrickC_8m_A32/Collider (1)"
BoxCollider does not support negative scale or size.
The effective box size has been forced positive and is likely to give unexpected collision geometry.
If you absolutely need to use negative scaling you can use the convex MeshCollider. Scene hierarchy path "Props/M_StoneFloor_A/GameObject (1)/SM_WallBorder_BrickC_8m_A14/Collider (1)"
BoxCollider does not support negative scale or size.
The effective box size has been forced positive and is likely to give unexpected collision geometry.
If you absolutely need to use negative scaling you can use the convex MeshCollider. Scene hierarchy path "Props/M_StoneFloor_A/GameObject (1)/SM_WallBorder_BrickC_8m_A22/Collider (1)"
BoxCollider does not support negative scale or size.
The effective box size has been forced positive and is likely to give unexpected collision geometry.
If you absolutely need to use negative scaling you can use the convex MeshCollider. Scene hierarchy path "Props/M_StoneFloor_A/GameObject (1)/SM_WallBorder_BrickC_8m_A20/Collider (1)"
BoxCollider does not support negative scale or size.
The effective box size has been forced positive and is likely to give unexpected collision geometry.
If you absolutely need to use negative scaling you can use the convex MeshCollider. Scene hierarchy path "Props/M_StoneFloor_A/GameObject (1)/SM_WallBorder_BrickC_8m_A28/Collider (1)"
BoxCollider does not support negative scale or size.
The effective box size has been forced positive and is likely to give unexpected collision geometry.
If you absolutely need to use negative scaling you can use the convex MeshCollider. Scene hierarchy path "Props/M_StoneFloor_A/4/SM_Border_A_Damaged_E28/Collider (1)"
BoxCollider does not support negative scale or size.
The effective box size has been forced positive and is likely to give unexpected collision geometry.
If you absolutely need to use negative scaling you can use the convex MeshCollider. Scene hierarchy path "Props/M_StoneFloor_A/4/BPP_PL_Gate_A_ISM7_Instance2_227/Collider (1)"
BoxCollider does not support negative scale or size.
The effective box size has been forced positive and is likely to give unexpected collision geometry.
If you absolutely need to use negative scaling you can use the convex MeshCollider. Scene hierarchy path "Props/M_StoneFloor_A/4/BPP_PL_Gate_A_ISM7_Instance1_226/Collider (1)"
BoxCollider does not support negative scale or size.
The effective box size has been forced positive and is likely to give unexpected collision geometry.
If you absolutely need to use negative scaling you can use the convex MeshCollider. Scene hierarchy path "Props/M_StoneFloor_A/4/BPP_PL_Gate_A_ISM7_Instance0_225/Collider (1)"
BoxCollider does not support negative scale or size.
The effective box size has been forced positive and is likely to give unexpected collision geometry.
If you absolutely need to use negative scaling you can use the convex MeshCollider. Scene hierarchy path "Props/M_StoneFloor_A/4/SM_Border_A_Damaged_E24/Collider (1)"
BoxCollider does not support negative scale or size.
The effective box size has been forced positive and is likely to give unexpected collision geometry.
If you absolutely need to use negative scaling you can use the convex MeshCollider. Scene hierarchy path "Props/M_StoneFloor_A/4/SM_Border_A_Damaged_E21/Collider (1)"
BoxCollider does not support negative scale or size.
The effective box size has been forced positive and is likely to give unexpected collision geometry.
If you absolutely need to use negative scaling you can use the convex MeshCollider. Scene hierarchy path "Props/M_StoneFloor_A/3/SM_Border_A_Damaged_C5/Collider (1)"
BoxCollider does not support negative scale or size.
The effective box size has been forced positive and is likely to give unexpected collision geometry.
If you absolutely need to use negative scaling you can use the convex MeshCollider. Scene hierarchy path "Props/M_StoneFloor_A/4/SM_Border_A_Damaged_C6/Collider (1)"
BoxCollider does not support negative scale or size.
The effective box size has been forced positive and is likely to give unexpected collision geometry.
If you absolutely need to use negative scaling you can use the convex MeshCollider. Scene hierarchy path "Props/M_StoneFloor_A/3/SM_Border_A_Damaged_C4/Collider (1)"
BoxCollider does not support negative scale or size.
The effective box size has been forced positive and is likely to give unexpected collision geometry.
If you absolutely need to use negative scaling you can use the convex MeshCollider. Scene hierarchy path "Props/M_StoneFloor_A/4/SM_Border_A_Damaged_C4/Collider (1)"
BoxCollider does not support negative scale or size.
The effective box size has been forced positive and is likely to give unexpected collision geometry.
If you absolutely need to use negative scaling you can use the convex MeshCollider. Scene hierarchy path "Props/M_StoneFloor_A/4/SM_ArchWallStone_Blind_Column_F_4x6_A62/Collider (1)"
BoxCollider does not support negative scale or size.
The effective box size has been forced positive and is likely to give unexpected collision geometry.
If you absolutely need to use negative scaling you can use the convex MeshCollider. Scene hierarchy path "Props/M_StoneFloor_A/4/SM_ArchWallStone_Blind_Column_F_4x6_A62/Collider (1)"
BoxCollider does not support negative scale or size.
The effective box size has been forced positive and is likely to give unexpected collision geometry.
If you absolutely need to use negative scaling you can use the convex MeshCollider. Scene hierarchy path "Props/GameObject/SM_ArchWallStone_Blind_Column_F_Damaged_4x6_B16/Collider (1)"
BoxCollider does not support negative scale or size.
The effective box size has been forced positive and is likely to give unexpected collision geometry.
If you absolutely need to use negative scaling you can use the convex MeshCollider. Scene hierarchy path "Props/M_StoneFloor_A/4/SM_ArchWallStone_Blind_Column_F_Damaged_4x6_B15/Collider (1)"
BoxCollider does not support negative scale or size.
The effective box size has been forced positive and is likely to give unexpected collision geometry.
If you absolutely need to use negative scaling you can use the convex MeshCollider. Scene hierarchy path "Props/M_StoneFloor_A/3/SM_ArchWallStone_Blind_Column_F_Damaged_4x6_B17/Collider (1)"
BoxCollider does not support negative scale or size.
The effective box size has been forced positive and is likely to give unexpected collision geometry.
If you absolutely need to use negative scaling you can use the convex MeshCollider. Scene hierarchy path "Props/M_StoneFloor_A/4/SM_ArchWallStone_Blind_Column_F_4x6_A51/Collider (1)"
BoxCollider does not support negative scale or size.
The effective box size has been forced positive and is likely to give unexpected collision geometry.
If you absolutely need to use negative scaling you can use the convex MeshCollider. Scene hierarchy path "Props/M_StoneFloor_A/4/SM_ArchWallStone_Blind_Column_F_4x6_A55/Collider (1)"
BoxCollider does not support negative scale or size.
The effective box size has been forced positive and is likely to give unexpected collision geometry.
If you absolutely need to use negative scaling you can use the convex MeshCollider. Scene hierarchy path "Props/M_StoneFloor_A/GameObject (1)/SM_WallBorder_BrickC_8m_A24/Collider (1)"
BoxCollider does not support negative scale or size.
The effective box size has been forced positive and is likely to give unexpected collision geometry.
If you absolutely need to use negative scaling you can use the convex MeshCollider. Scene hierarchy path "Props/M_StoneFloor_A/GameObject (1)/SM_WallBorder_BrickC_8m_A26/Collider (1)"
BoxCollider does not support negative scale or size.
The effective box size has been forced positive and is likely to give unexpected collision geometry.
If you absolutely need to use negative scaling you can use the convex MeshCollider. Scene hierarchy path "Props/M_StoneFloor_A/4/SM_Border_A_Damaged_C5/Collider (1)"
BoxCollider does not support negative scale or size.
The effective box size has been forced positive and is likely to give unexpected collision geometry.
If you absolutely need to use negative scaling you can use the convex MeshCollider. Scene hierarchy path "Props/M_StoneFloor_A/4/SM_ArchWallStone_Blind_Column_F_4x6_A51/Collider (1)"
BoxCollider does not support negative scale or size.
The effective box size has been forced positive and is likely to give unexpected collision geometry.
If you absolutely need to use negative scaling you can use the convex MeshCollider. Scene hierarchy path "Props/M_StoneFloor_A/4/SM_ArchWallStone_Blind_Column_F_4x6_A55/Collider (1)"
BoxCollider does not support negative scale or size.
The effective box size has been forced positive and is likely to give unexpected collision geometry.
If you absolutely need to use negative scaling you can use the convex MeshCollider. Scene hierarchy path "Props/M_StoneFloor_A/4/SM_ArchWallStone_Blind_Column_F_4x6_A52/Collider (1)"
BoxCollider does not support negative scale or size.
The effective box size has been forced positive and is likely to give unexpected collision geometry.
If you absolutely need to use negative scaling you can use the convex MeshCollider. Scene hierarchy path "Props/M_StoneFloor_A/4/SM_ArchWallStone_Blind_Column_F_4x6_A62/Collider (1)"
Unloading 2581 unused Assets to reduce memory usage. Loaded Objects now: 148909.
Total: 95.218000 ms (FindLiveObjects: 10.552000 ms CreateObjectMapping: 2.782400 ms MarkObjects: 60.788800 ms  DeleteObjects: 21.094500 ms)

Unloading 24 Unused Serialized files (Serialized files now loaded: 2)
Unloading 3 unused Assets to reduce memory usage. Loaded Objects now: 148911.
Total: 78.655200 ms (FindLiveObjects: 7.994400 ms CreateObjectMapping: 2.429700 ms MarkObjects: 68.037800 ms  DeleteObjects: 0.193100 ms)

Failed to create agent because it is not close enough to the NavMesh
TravelToNode: Start waiting for clients
TravelToNode: All clients are ready
[DewResources] Preload Rule Added by Room_Primus_Boss_0: 510 -> 578 (+68)
[DewResources] Maintenance Finished: 578 -> 576 (-3) (+1)
Received game result from server. didGameEnd: False
Coroutine couldn't be started because the the game object 'Shake' is inactive!
GetValidAgentPosition position is not a valid point on NavMesh!
GetValidAgentPosition position is not a valid point on NavMesh!
Changed
[Adaptation] Combat Time: 24.5 seconds
[Adaptation] Dealt Damage Factor Normalized: 3.9
Failed to find ground position and calculate y-coord for projectile '[0 from 14341] ~!Ai_Mon_Primus_BossPrimusAeron_Adapt_Atk '
Failed to find ground position and calculate y-coord for projectile '[0 from 14341] ~!Ai_Mon_Primus_BossPrimusAeron_Adapt_Atk '
Failed to find ground position and calculate y-coord for projectile '[0 from 14341] ~!Ai_Mon_Primus_BossPrimusAeron_Adapt_Atk '
Failed to find ground position and calculate y-coord for projectile '[0 from 14367] ~!Ai_Mon_Primus_BossPrimusAeron_Adapt_Atk '
Failed to find ground position and calculate y-coord for projectile '[0 from 14395] ~!Ai_Mon_Primus_BossPrimusAeron_Adapt_Atk '
Failed to find ground position and calculate y-coord for projectile '[0 from 14579] ~!Ai_Mon_Primus_BossPrimusAeron_Adapt_Atk '
Changed
Received game result from server. didGameEnd: True
Rev_EnterPureWhiteDream completed
Stopped tracking 1 reveries
Stopped tracking 37 achievements
Game ended. Clearing continue data
Deleting old auto-recovery backup: r_profile44799945-b1ea-4dae-9ae0-2c2d81746a41_494.json
Created auto-recovery backup 504 for r_profile44799945-b1ea-4dae-9ae0-2c2d81746a41
Profile Main saved.
Deleting old auto-recovery backup: r_stats44799945-b1ea-4dae-9ae0-2c2d81746a41_164.json
Created auto-recovery backup 174 for r_stats44799945-b1ea-4dae-9ae0-2c2d81746a41
Profile Stats saved.
Platform settings saved.
Deleting old auto-recovery backup: r_profile44799945-b1ea-4dae-9ae0-2c2d81746a41_495.json
Created auto-recovery backup 505 for r_profile44799945-b1ea-4dae-9ae0-2c2d81746a41
Profile Main saved.
Deleting old auto-recovery backup: r_continue44799945-b1ea-4dae-9ae0-2c2d81746a41_1382.json
Created auto-recovery backup 1392 for r_continue44799945-b1ea-4dae-9ae0-2c2d81746a41
Profile Continue saved.
Deleting old auto-recovery backup: r_stats44799945-b1ea-4dae-9ae0-2c2d81746a41_165.json
Created auto-recovery backup 175 for r_stats44799945-b1ea-4dae-9ae0-2c2d81746a41
Profile Stats saved.
Unloading 15 Unused Serialized files (Serialized files now loaded: 2)
UnloadTime: 14.117300 ms
TelepathyTransport initialized!
Current scene: PlayLobby
Unloading 4934 unused Assets to reduce memory usage. Loaded Objects now: 98021.
Total: 93.353800 ms (FindLiveObjects: 5.434800 ms CreateObjectMapping: 2.184800 ms MarkObjects: 62.746500 ms  DeleteObjects: 22.987100 ms)

[DewResources] Preload Rule Added by PlayLobbyManager: 796 -> 903 (+107)
[DewResources] Maintenance Finished: 903 (Nothing changed)
DewNetworkManager - StartGame - Singleplayer
Deleting old auto-recovery backup: r_profile44799945-b1ea-4dae-9ae0-2c2d81746a41_496.json
Created auto-recovery backup 506 for r_profile44799945-b1ea-4dae-9ae0-2c2d81746a41
Profile Main saved.
Deleting old auto-recovery backup: r_profile44799945-b1ea-4dae-9ae0-2c2d81746a41_497.json
Created auto-recovery backup 507 for r_profile44799945-b1ea-4dae-9ae0-2c2d81746a41
Profile Main saved.
Deleting old auto-recovery backup: r_profile44799945-b1ea-4dae-9ae0-2c2d81746a41_498.json
Created auto-recovery backup 508 for r_profile44799945-b1ea-4dae-9ae0-2c2d81746a41
Profile Main saved.
Deleting old auto-recovery backup: r_stats44799945-b1ea-4dae-9ae0-2c2d81746a41_166.json
Created auto-recovery backup 176 for r_stats44799945-b1ea-4dae-9ae0-2c2d81746a41
Profile Stats saved.
Deleting old auto-recovery backup: r_continue44799945-b1ea-4dae-9ae0-2c2d81746a41_1383.json
Created auto-recovery backup 1393 for r_continue44799945-b1ea-4dae-9ae0-2c2d81746a41
Profile Continue saved.
Platform settings saved.
Unloading 16 Unused Serialized files (Serialized files now loaded: 2)
UnloadTime: 285.172300 ms
Current scene: Title
Unloading 575 unused Assets to reduce memory usage. Loaded Objects now: 100001.
Total: 80.050500 ms (FindLiveObjects: 5.363200 ms CreateObjectMapping: 2.470400 ms MarkObjects: 67.699500 ms  DeleteObjects: 4.516600 ms)

[DewResources] Preload Rule Added by TitleManager: 1125 (Nothing changed)
[DewResources] Maintenance Finished: 1125 -> 191 (-934) (+0)
Unloading 8 Unused Serialized files (Serialized files now loaded: 2)
Deleting old auto-recovery backup: r_profile44799945-b1ea-4dae-9ae0-2c2d81746a41_499.json
Created auto-recovery backup 509 for r_profile44799945-b1ea-4dae-9ae0-2c2d81746a41
Profile Main saved.
Deleting old auto-recovery backup: r_stats44799945-b1ea-4dae-9ae0-2c2d81746a41_167.json
Created auto-recovery backup 177 for r_stats44799945-b1ea-4dae-9ae0-2c2d81746a41
Profile Stats saved.
Deleting old auto-recovery backup: r_continue44799945-b1ea-4dae-9ae0-2c2d81746a41_1384.json
Created auto-recovery backup 1394 for r_continue44799945-b1ea-4dae-9ae0-2c2d81746a41
Profile Continue saved.
Platform settings saved.
Bye bye!
Unloading 18908 unused Assets to reduce memory usage. Loaded Objects now: 75148.
Total: 114.504100 ms (FindLiveObjects: 4.414100 ms CreateObjectMapping: 2.490800 ms MarkObjects: 79.158700 ms  DeleteObjects: 28.440000 ms)

<color=#ff7337><color=#0099bc><b>DOTWEEN ► </b></color> SAFE MODE ►</color> DOTween's safe mode captured 529 errors. This is usually ok (it's what safe mode is there for) but if your game is encountering issues you should set Log Behaviour to Default in DOTween Utility Panel in order to get detailed warnings when an error is captured (consider that these errors are always on the user side).
- 528 missing target or field errors
- 1 startup errors
Memory Statistics:
[ALLOC_TEMP_TLS] TLS Allocator
  StackAllocators : 
    [ALLOC_TEMP_MAIN]
      Peak usage frame count: [4.0 KB-8.0 KB]: 16637 frames, [8.0 KB-16.0 KB]: 216 frames, [16.0 KB-32.0 KB]: 2610 frames, [32.0 KB-64.0 KB]: 192 frames, [64.0 KB-128.0 KB]: 816 frames, [128.0 KB-256.0 KB]: 313636 frames, [256.0 KB-0.5 MB]: 15030 frames, [0.5 MB-1.0 MB]: 157 frames, [1.0 MB-2.0 MB]: 8 frames, [2.0 MB-4.0 MB]: 53 frames, [4.0 MB-8.0 MB]: 118 frames
      Initial Block Size 4.0 MB
      Current Block Size 8.0 MB
      Peak Allocated Bytes 8.0 MB
      Overflow Count 3363
    [ALLOC_TEMP_Job.Worker 18]
      Initial Block Size 256.0 KB
      Current Block Size 408.0 KB
      Peak Allocated Bytes 299.8 KB
      Overflow Count 0
    [ALLOC_TEMP_Loading.PreloadManager]
      Initial Block Size 256.0 KB
      Current Block Size 0.5 MB
      Peak Allocated Bytes 511.9 KB
      Overflow Count 1206080
    [ALLOC_TEMP_Background Job.Worker 8]
      Initial Block Size 32.0 KB
      Current Block Size 32.0 KB
      Peak Allocated Bytes 65 B
      Overflow Count 0
    [ALLOC_TEMP_Background Job.Worker 10]
      Initial Block Size 32.0 KB
      Current Block Size 32.0 KB
      Peak Allocated Bytes 65 B
      Overflow Count 0
    [ALLOC_TEMP_Job.Worker 16]
      Initial Block Size 256.0 KB
      Current Block Size 0.5 MB
      Peak Allocated Bytes 493.1 KB
      Overflow Count 7
    [ALLOC_TEMP_Background Job.Worker 6]
      Initial Block Size 32.0 KB
      Current Block Size 32.0 KB
      Peak Allocated Bytes 2.0 KB
      Overflow Count 0
    [ALLOC_TEMP_Job.Worker 4]
      Initial Block Size 256.0 KB
      Current Block Size 488.0 KB
      Peak Allocated Bytes 455.9 KB
      Overflow Count 1
    [ALLOC_TEMP_Job.Worker 17]
      Initial Block Size 256.0 KB
      Current Block Size 420.0 KB
      Peak Allocated Bytes 416.5 KB
      Overflow Count 1
    [ALLOC_TEMP_Job.Worker 14]
      Initial Block Size 256.0 KB
      Current Block Size 476.0 KB
      Peak Allocated Bytes 472.8 KB
      Overflow Count 1
    [ALLOC_TEMP_Job.Worker 3]
      Initial Block Size 256.0 KB
      Current Block Size 476.0 KB
      Peak Allocated Bytes 472.8 KB
      Overflow Count 4
    [ALLOC_TEMP_Background Job.Worker 12]
      Initial Block Size 32.0 KB
      Current Block Size 32.0 KB
      Peak Allocated Bytes 65 B
      Overflow Count 0
    [ALLOC_TEMP_Background Job.Worker 1]
      Initial Block Size 32.0 KB
      Current Block Size 32.0 KB
      Peak Allocated Bytes 54 B
      Overflow Count 0
    [ALLOC_TEMP_AssetGarbageCollectorHelper] x 19
      Initial Block Size 64.0 KB
      Current Block Size 64.0 KB
      Peak Allocated Bytes 0 B
      Overflow Count 0
    [ALLOC_TEMP_Background Job.Worker 5]
      Initial Block Size 32.0 KB
      Current Block Size 32.0 KB
      Peak Allocated Bytes 2.0 KB
      Overflow Count 0
    [ALLOC_TEMP_Background Job.Worker 13]
      Initial Block Size 32.0 KB
      Current Block Size 32.0 KB
      Peak Allocated Bytes 65 B
      Overflow Count 0
    [ALLOC_TEMP_Background Job.Worker 11]
      Initial Block Size 32.0 KB
      Current Block Size 32.0 KB
      Peak Allocated Bytes 65 B
      Overflow Count 0
    [ALLOC_TEMP_Job.Worker 2]
      Initial Block Size 256.0 KB
      Current Block Size 492.0 KB
      Peak Allocated Bytes 378.0 KB
      Overflow Count 0
    [ALLOC_TEMP_Background Job.Worker 3]
      Initial Block Size 32.0 KB
      Current Block Size 36.0 KB
      Peak Allocated Bytes 32.0 KB
      Overflow Count 0
    [ALLOC_TEMP_Background Job.Worker 0]
      Initial Block Size 32.0 KB
      Current Block Size 32.0 KB
      Peak Allocated Bytes 65 B
      Overflow Count 0
    [ALLOC_TEMP_HIDInput]
      Initial Block Size 64.0 KB
      Current Block Size 64.0 KB
      Peak Allocated Bytes 10.8 KB
      Overflow Count 0
    [ALLOC_TEMP_Job.Worker 11]
      Initial Block Size 256.0 KB
      Current Block Size 424.0 KB
      Peak Allocated Bytes 326.4 KB
      Overflow Count 1
    [ALLOC_TEMP_Background Job.Worker 4]
      Initial Block Size 32.0 KB
      Current Block Size 32.0 KB
      Peak Allocated Bytes 65 B
      Overflow Count 0
    [ALLOC_TEMP_BatchDeleteObjects]
      Initial Block Size 64.0 KB
      Current Block Size 64.0 KB
      Peak Allocated Bytes 54 B
      Overflow Count 0
    [ALLOC_TEMP_Job.Worker 6]
      Initial Block Size 256.0 KB
      Current Block Size 0.5 MB
      Peak Allocated Bytes 400.3 KB
      Overflow Count 2
    [ALLOC_TEMP_Job.Worker 0]
      Initial Block Size 256.0 KB
      Current Block Size 496.0 KB
      Peak Allocated Bytes 493.1 KB
      Overflow Count 5
    [ALLOC_TEMP_Background Job.Worker 9]
      Initial Block Size 32.0 KB
      Current Block Size 32.0 KB
      Peak Allocated Bytes 2.7 KB
      Overflow Count 0
    [ALLOC_TEMP_Job.Worker 5]
      Initial Block Size 256.0 KB
      Current Block Size 412.0 KB
      Peak Allocated Bytes 358.7 KB
      Overflow Count 0
    [ALLOC_TEMP_Background Job.Worker 14]
      Initial Block Size 32.0 KB
      Current Block Size 60.0 KB
      Peak Allocated Bytes 57.5 KB
      Overflow Count 1
    [ALLOC_TEMP_Job.Worker 13]
      Initial Block Size 256.0 KB
      Current Block Size 476.0 KB
      Peak Allocated Bytes 472.8 KB
      Overflow Count 1
    [ALLOC_TEMP_EnlightenWorker] x 5
      Initial Block Size 64.0 KB
      Current Block Size 64.0 KB
      Peak Allocated Bytes 54 B
      Overflow Count 0
    [ALLOC_TEMP_Background Job.Worker 15]
      Initial Block Size 32.0 KB
      Current Block Size 32.0 KB
      Peak Allocated Bytes 65 B
      Overflow Count 0
    [ALLOC_TEMP_Background Job.Worker 2]
      Initial Block Size 32.0 KB
      Current Block Size 32.0 KB
      Peak Allocated Bytes 2.0 KB
      Overflow Count 0
    [ALLOC_TEMP_Background Job.Worker 7]
      Initial Block Size 32.0 KB
      Current Block Size 32.0 KB
      Peak Allocated Bytes 339 B
      Overflow Count 0
    [ALLOC_TEMP_UnityGfxDeviceWorker]
      Initial Block Size 256.0 KB
      Current Block Size 256.0 KB
      Peak Allocated Bytes 80.7 KB
      Overflow Count 12
    [ALLOC_TEMP_Job.Worker 9]
      Initial Block Size 256.0 KB
      Current Block Size 372.0 KB
      Peak Allocated Bytes 371.7 KB
      Overflow Count 1
    [ALLOC_TEMP_Job.Worker 8]
      Initial Block Size 256.0 KB
      Current Block Size 472.0 KB
      Peak Allocated Bytes 469.1 KB
      Overflow Count 3
    [ALLOC_TEMP_Job.Worker 7]
      Initial Block Size 256.0 KB
      Current Block Size 500.0 KB
      Peak Allocated Bytes 496.7 KB
      Overflow Count 6
    [ALLOC_TEMP_Job.Worker 1]
      Initial Block Size 256.0 KB
      Current Block Size 428.0 KB
      Peak Allocated Bytes 425.9 KB
      Overflow Count 4
    [ALLOC_TEMP_Job.Worker 10]
      Initial Block Size 256.0 KB
      Current Block Size 476.0 KB
      Peak Allocated Bytes 472.8 KB
      Overflow Count 4
    [ALLOC_TEMP_CloudJob.Worker 0]
      Initial Block Size 32.0 KB
      Current Block Size 32.0 KB
      Peak Allocated Bytes 7.9 KB
      Overflow Count 0
    [ALLOC_TEMP_Job.Worker 15]
      Initial Block Size 256.0 KB
      Current Block Size 496.0 KB
      Peak Allocated Bytes 493.1 KB
      Overflow Count 3
    [ALLOC_TEMP_Job.Worker 12]
      Initial Block Size 256.0 KB
      Current Block Size 412.0 KB
      Peak Allocated Bytes 411.3 KB
      Overflow Count 3
    [ALLOC_TEMP_Loading.AsyncRead]
      Initial Block Size 64.0 KB
      Current Block Size 124.0 KB
      Peak Allocated Bytes 123.4 KB
      Overflow Count 0
[ALLOC_DEFAULT] Dual Thread Allocator
  Peak main deferred allocation count 31508
    [ALLOC_BUCKET]
      Large Block size 4.0 MB
      Used Block count 1
      Peak Allocated bytes 4.0 MB
      Failed Allocations. Bucket layout:
        16B: 16 Subsections = 16384 buckets. Failed count: 43584204
        32B: 26 Subsections = 13312 buckets. Failed count: 22355417
        48B: 32 Subsections = 10922 buckets. Failed count: 166502495
        64B: 68 Subsections = 17408 buckets. Failed count: 8044656
        80B: 51 Subsections = 10444 buckets. Failed count: 3144001
        96B: 24 Subsections = 4096 buckets. Failed count: 1061516
        112B: 27 Subsections = 3949 buckets. Failed count: 3017687
        128B: 12 Subsections = 1536 buckets. Failed count: 4607456
    [ALLOC_DEFAULT_MAIN]
      Peak usage frame count: [32.0 MB-64.0 MB]: 17311 frames, [64.0 MB-128.0 MB]: 289950 frames, [128.0 MB-256.0 MB]: 31166 frames, [256.0 MB-0.50 GB]: 11046 frames
      Requested Block Size 16.0 MB
      Peak Block count 31
      Peak Allocated memory 461.9 MB
      Peak Large allocation bytes 37.1 MB
    [ALLOC_DEFAULT_THREAD]
      Peak usage frame count: [64.0 MB-128.0 MB]: 17256 frames, [128.0 MB-256.0 MB]: 822 frames, [256.0 MB-0.50 GB]: 325213 frames, [0.50 GB-1.00 GB]: 6182 frames
      Requested Block Size 16.0 MB
      Peak Block count 35
      Peak Allocated memory 0.63 GB
      Peak Large allocation bytes 138.9 MB
[ALLOC_TEMP_JOB_1_FRAME]
  Initial Block Size 2.0 MB
  Used Block Count 1
  Overflow Count (too large) 0
  Overflow Count (full) 0
[ALLOC_TEMP_JOB_2_FRAMES]
  Initial Block Size 2.0 MB
  Used Block Count 1
  Overflow Count (too large) 0
  Overflow Count (full) 0
[ALLOC_TEMP_JOB_4_FRAMES (JobTemp)]
  Initial Block Size 2.0 MB
  Used Block Count 7
  Overflow Count (too large) 1
  Overflow Count (full) 0
[ALLOC_TEMP_JOB_ASYNC (Background)]
  Initial Block Size 1.0 MB
  Used Block Count 7
  Overflow Count (too large) 6
  Overflow Count (full) 0
[ALLOC_GFX] Dual Thread Allocator
  Peak main deferred allocation count 80
    [ALLOC_BUCKET]
      Large Block size 4.0 MB
      Used Block count 1
      Peak Allocated bytes 4.0 MB
      Failed Allocations. Bucket layout:
        16B: 16 Subsections = 16384 buckets. Failed count: 43584204
        32B: 26 Subsections = 13312 buckets. Failed count: 22355417
        48B: 32 Subsections = 10922 buckets. Failed count: 166502495
        64B: 68 Subsections = 17408 buckets. Failed count: 8044656
        80B: 51 Subsections = 10444 buckets. Failed count: 3144001
        96B: 24 Subsections = 4096 buckets. Failed count: 1061516
        112B: 27 Subsections = 3949 buckets. Failed count: 3017687
        128B: 12 Subsections = 1536 buckets. Failed count: 4607456
    [ALLOC_GFX_MAIN]
      Peak usage frame count: [128.0 MB-256.0 MB]: 346921 frames, [256.0 MB-0.50 GB]: 2552 frames
      Requested Block Size 16.0 MB
      Peak Block count 4
      Peak Allocated memory 258.1 MB
      Peak Large allocation bytes 208.1 MB
    [ALLOC_GFX_THREAD]
      Peak usage frame count: [256.0 MB-0.50 GB]: 44545 frames, [0.50 GB-1.00 GB]: 304928 frames
      Requested Block Size 16.0 MB
      Peak Block count 57
      Peak Allocated memory 0.97 GB
      Peak Large allocation bytes 122.7 MB
[ALLOC_CACHEOBJECTS] Dual Thread Allocator
  Peak main deferred allocation count 23482
    [ALLOC_BUCKET]
      Large Block size 4.0 MB
      Used Block count 1
      Peak Allocated bytes 4.0 MB
      Failed Allocations. Bucket layout:
        16B: 16 Subsections = 16384 buckets. Failed count: 43584204
        32B: 26 Subsections = 13312 buckets. Failed count: 22355417
        48B: 32 Subsections = 10922 buckets. Failed count: 166502495
        64B: 68 Subsections = 17408 buckets. Failed count: 8044656
        80B: 51 Subsections = 10444 buckets. Failed count: 3144001
        96B: 24 Subsections = 4096 buckets. Failed count: 1061516
        112B: 27 Subsections = 3949 buckets. Failed count: 3017687
        128B: 12 Subsections = 1536 buckets. Failed count: 4607456
    [ALLOC_CACHEOBJECTS_MAIN]
      Peak usage frame count: [64.0 MB-128.0 MB]: 17257 frames, [128.0 MB-256.0 MB]: 332216 frames
      Requested Block Size 4.0 MB
      Peak Block count 36
      Peak Allocated memory 141.5 MB
      Peak Large allocation bytes 11.9 MB
    [ALLOC_CACHEOBJECTS_THREAD]
      Peak usage frame count: [128.0 MB-256.0 MB]: 17257 frames, [256.0 MB-0.50 GB]: 1844 frames, [0.50 GB-1.00 GB]: 326720 frames, [1.00 GB-2.00 GB]: 3652 frames
      Requested Block Size 4.0 MB
      Peak Block count 350
      Peak Allocated memory 1.36 GB
      Peak Large allocation bytes 499.0 MB
[ALLOC_TYPETREE] Dual Thread Allocator
  Peak main deferred allocation count 0
    [ALLOC_BUCKET]
      Large Block size 4.0 MB
      Used Block count 1
      Peak Allocated bytes 4.0 MB
      Failed Allocations. Bucket layout:
        16B: 16 Subsections = 16384 buckets. Failed count: 43584204
        32B: 26 Subsections = 13312 buckets. Failed count: 22355417
        48B: 32 Subsections = 10922 buckets. Failed count: 166502495
        64B: 68 Subsections = 17408 buckets. Failed count: 8044656
        80B: 51 Subsections = 10444 buckets. Failed count: 3144001
        96B: 24 Subsections = 4096 buckets. Failed count: 1061516
        112B: 27 Subsections = 3949 buckets. Failed count: 3017687
        128B: 12 Subsections = 1536 buckets. Failed count: 4607456
    [ALLOC_TYPETREE_MAIN]
      Peak usage frame count: [8.0 KB-16.0 KB]: 19717 frames, [16.0 KB-32.0 KB]: 329756 frames
      Requested Block Size 2.0 MB
      Peak Block count 1
      Peak Allocated memory 24.8 KB
      Peak Large allocation bytes 0 B
    [ALLOC_TYPETREE_THREAD]
      Peak usage frame count: [4.0 MB-8.0 MB]: 18078 frames, [8.0 MB-16.0 MB]: 331395 frames
      Requested Block Size 2.0 MB
      Peak Block count 7
      Peak Allocated memory 11.6 MB
      Peak Large allocation bytes 0 B
