Mono path[0] = 'D:/xiazai/GAME HOME/Shape.of.Dreams.Build.18092025-0xdeadcode/Shape of Dreams_Data/Managed'
Mono config path = 'D:/xiazai/GAME HOME/Shape.of.Dreams.Build.18092025-0xdeadcode/MonoBleedingEdge/etc'
[Physics::Module] Initialized MultithreadedJobDispatcher with {0} workers.
Initialize engine version: 2021.3.45f1 (0da89fac8e79)
[Subsystems] Discovering subsystems at path D:/xiazai/GAME HOME/Shape.of.Dreams.Build.18092025-0xdeadcode/Shape of Dreams_Data/UnitySubsystems
GfxDevice: creating device client; threaded=1; jobified=0
Direct3D:
    Version:  Direct3D 11.0 [level 11.1]
    Renderer: NVIDIA GeForce RTX 3060 Laptop GPU (ID=0x2560)
    Vendor:   NVIDIA
    VRAM:     5996 MB
    Driver:   32.0.15.7283
Begin MonoManager ReloadAssembly
- Completed reload, in  0.326 seconds
[LaunchOptions] Received: D:\xiazai\GAME HOME\Shape.of.Dreams.Build.18092025-0xdeadcode\Shape of Dreams.exe
[LaunchOptions] forceKeyboardAndMouse: False
[LaunchOptions] forceGamepad: False
[LaunchOptions] experimentalMod: False
[Steamworks.NET] Successfully initialized Steam API.
Odin Serializer ArchitectureInfo initialization with defaults (all unaligned read/writes disabled).
<RI> Initializing input.
New input system (experimental) initialized
Using XInput
<RI> Input initialized.
<RI> Initialized touch support.
UnloadTime: 1.260200 ms
Using Build Profile: CurrentBuild
No pre-name-change persistent data found
Making a daily backup
Successfully created a daily backup at C:/Users/77496/AppData/LocalLow/Lizard Smoothie/Shape of Dreams\QuickSave\Backups\20260105.zip
Loaded platform settings.
DewLocalization init for runtime: 986 Field Infos
Profile 'Sunrise' validated: Achievements(41/78), Heroes(7/8), Skills(102/145), Gems(72/83), Artifacts(9/11), LucidDreams(3/9)
GetTicketForWebApi(DewOwnership): Getting ticket
System.NullReferenceException: Object reference not set to an instance of an object
  at Cysharp.Threading.Tasks.PlayerLoopHelper.AddAction (Cysharp.Threading.Tasks.PlayerLoopTiming timing, Cysharp.Threading.Tasks.IPlayerLoopItem action) [0x00000] in K:\ShapeOfDream\Dew\Library\PackageCache\com.cysharp.unitask@d210e3d76a\Runtime\PlayerLoopHelper.cs:490 
  at Cysharp.Threading.Tasks.UniTask+DelayPromise.Create (System.TimeSpan delayTimeSpan, Cysharp.Threading.Tasks.PlayerLoopTiming timing, System.Threading.CancellationToken cancellationToken, System.Int16& token) [0x0005a] in K:\ShapeOfDream\Dew\Library\PackageCache\com.cysharp.unitask@d210e3d76a\Runtime\UniTask.Delay.cs:645 
  at Cysharp.Threading.Tasks.UniTask.Delay (System.TimeSpan delayTimeSpan, Cysharp.Threading.Tasks.DelayType delayType, Cysharp.Threading.Tasks.PlayerLoopTiming delayTiming, System.Threading.CancellationToken cancellationToken) [0x00062] in K:\ShapeOfDream\Dew\Library\PackageCache\com.cysharp.unitask@d210e3d76a\Runtime\UniTask.Delay.cs:180 
  at Cysharp.Threading.Tasks.UniTaskExtensions.Timeout[T] (Cysharp.Threading.Tasks.UniTask`1[T] task, System.TimeSpan timeout, Cysharp.Threading.Tasks.DelayType delayType, Cysharp.Threading.Tasks.PlayerLoopTiming timeoutCheckTiming, System.Threading.CancellationTokenSource taskCancellationTokenSource) [0x00015] in K:\ShapeOfDream\Dew\Library\PackageCache\com.cysharp.unitask@d210e3d76a\Runtime\UniTaskExtensions.cs:416 
  at Cysharp.Threading.Tasks.UniTask+ExceptionResultSource`1[T].GetResult (System.Int16 token) [0x00015] in K:\ShapeOfDream\Dew\Library\PackageCache\com.cysharp.unitask@d210e3d76a\Runtime\UniTask.Factory.cs:255 
  at DewSteam.GetTicketForWebApi (System.String pchIdentity) [0x000ac] in K:\ShapeOfDream\Dew\Assets\Scripts\Global\DewSteam.cs:146 
  at Cysharp.Threading.Tasks.UniTask+ExceptionResultSource`1[T].GetResult (System.Int16 token) [0x00015] in K:\ShapeOfDream\Dew\Library\PackageCache\com.cysharp.unitask@d210e3d76a\Runtime\UniTask.Factory.cs:255 
  at DewSave.UpsertProfile () [0x00041] in K:\ShapeOfDream\Dew\Assets\Scripts\Save\DewSave_Profile.cs:542 
Current scene: Splash
Loaded User Profile Sunrise: C:/Users/77496/AppData/LocalLow/Lizard Smoothie/Shape of Dreams\QuickSave\r_profile44799945-b1ea-4dae-9ae0-2c2d81746a41.json
== System Report START ==
Version: r.1.0.6.2_s
CPU: 12th Gen Intel(R) Core(TM) i7-12700H
CPU Cores: 20
CPU Frequency: 2688MHz

RAM: 16068MB

Graphics Device Name: NVIDIA GeForce RTX 3060 Laptop GPU
Graphics Device Type: Direct3D11
Graphics Memory: 5996MB
Graphics Device Version: Direct3D 11.0 [level 11.1]
Graphics Shader Level: 50

Operating System: Windows 11  (10.0.22631) 64bit
Device Model: Dell G15 5520 (Dell Inc.)

Supports Compute Shaders: True
Supports Instancing: True
== System Report END ==
Unity Services environment is: production
Odin Serializer detected whitelisted runtime platform WindowsPlayer and memory read test succeeded; enabling all unaligned memory read/writes.
Current scene: Splash
[DewMod] Directory not found: ../Mods
Current scene: Splash
Lobby server is now LobbyServiceSteam
Direct3D: detected that using refresh rate causes time drift. Will stop trusting refresh rate until the game window is moved.
Direct3D: detected that vsync is broken (it does not limit frame rate properly). Delta time will now be calculated using cpu-side time stampling until the game window is moved.
PlayerID: 5aJzZxW6pc7BwCxYTPHQuULbTHYK
Unloading 8 Unused Serialized files (Serialized files now loaded: 2)
UnloadTime: 2.155500 ms
Current scene: Intro
Unloading 5073 unused Assets to reduce memory usage. Loaded Objects now: 29780.
Total: 43.663200 ms (FindLiveObjects: 1.223900 ms CreateObjectMapping: 0.892500 ms MarkObjects: 40.278000 ms  DeleteObjects: 1.268500 ms)

WindowsVideoMedia error unhandled Color Standard: 0  falling back to default this may result in rendering issues
Unloading 6 Unused Serialized files (Serialized files now loaded: 2)
UnloadTime: 1.111300 ms
Current scene: Title
Unloading 31 unused Assets to reduce memory usage. Loaded Objects now: 58899.
Total: 48.779300 ms (FindLiveObjects: 3.256000 ms CreateObjectMapping: 1.185400 ms MarkObjects: 44.119700 ms  DeleteObjects: 0.217700 ms)

[DewResources] Preload Rule Added by TitleManager: 339 -> 522 (+183)
[DewResources] Maintenance Finished: 522 -> 191 (-331) (+0)
Unloading 4 Unused Serialized files (Serialized files now loaded: 2)
Unloading 5632 unused Assets to reduce memory usage. Loaded Objects now: 56131.
Total: 45.992500 ms (FindLiveObjects: 2.764100 ms CreateObjectMapping: 1.166900 ms MarkObjects: 39.388900 ms  DeleteObjects: 2.672200 ms)

Unloading 6 Unused Serialized files (Serialized files now loaded: 2)
UnloadTime: 52.622500 ms
Unloading 753 unused Assets to reduce memory usage. Loaded Objects now: 50070.
Total: 40.064900 ms (FindLiveObjects: 2.003800 ms CreateObjectMapping: 1.001000 ms MarkObjects: 35.876100 ms  DeleteObjects: 1.183500 ms)

TelepathyTransport initialized!
Current scene: PlayLobby
[DewResources] Preload Rule Added by PlayLobbyManager: 404 (Nothing changed)
[DewResources] Maintenance Finished: 404 (Nothing changed)
DewNetworkManager - StartGame - Singleplayer
Loaded 3522 whole word profanities and 3739 substring profanities
Unloading 7 Unused Serialized files (Serialized files now loaded: 2)
UnloadTime: 130.300200 ms
Current scene: PlayGame
Unloading 1513 unused Assets to reduce memory usage. Loaded Objects now: 89099.
Total: 119.428800 ms (FindLiveObjects: 4.367900 ms CreateObjectMapping: 1.814800 ms MarkObjects: 51.261800 ms  DeleteObjects: 61.983900 ms)

Unloading 7 Unused Serialized files (Serialized files now loaded: 2)
Unloading 1 unused Assets to reduce memory usage. Loaded Objects now: 89101.
Total: 53.133900 ms (FindLiveObjects: 4.107000 ms CreateObjectMapping: 1.742900 ms MarkObjects: 47.163900 ms  DeleteObjects: 0.119700 ms)

Difficulty is at diffNormal.
[DewResources] Preload Rule Added by PlayGameManager: 445 (Nothing changed)
[DewResources] Preload Rule Added by PlayGameManager: 445 -> 474 (+29)
Ambient level is now 1
Creating GameMod_DespairFixStuck
Creating GameMod_Obliviax
Creating GameMod_SantaHat
[DewResources] Preload Rule Added by ActorManager (Networked): 477 (Nothing changed)
[DewResources] Preload Rule Added by ZoneManager (Networked): 478 (Nothing changed)
Failed to create agent because there is no valid NavMesh
Failed to create agent because there is no valid NavMesh
Started tracking [23] Hero_Yubar of HumanPlayerLocal(76561199550375442) Sunrise (1)
Started tracking game statistics
Already tracking player: HumanPlayerLocal(76561199550375442) Sunrise
Failed to create agent because there is no valid NavMesh
New loop has started
Generated a map with 20 nodes (Target: 21)
Deleting old auto-recovery backup: r_continue44799945-b1ea-4dae-9ae0-2c2d81746a41_1385.json
Created auto-recovery backup 1395 for r_continue44799945-b1ea-4dae-9ae0-2c2d81746a41
Profile Continue saved.
Unloading 13 Unused Serialized files (Serialized files now loaded: 2)
UnloadTime: 0.712500 ms
Current scene: Room_Forest_Start_0
Unloading 283 unused Assets to reduce memory usage. Loaded Objects now: 96388.
Total: 60.787200 ms (FindLiveObjects: 4.816500 ms CreateObjectMapping: 2.292600 ms MarkObjects: 46.506800 ms  DeleteObjects: 7.171000 ms)

Unloading 11 Unused Serialized files (Serialized files now loaded: 2)
Unloading 3 unused Assets to reduce memory usage. Loaded Objects now: 96504.
Total: 49.529900 ms (FindLiveObjects: 4.443200 ms CreateObjectMapping: 1.708200 ms MarkObjects: 43.243300 ms  DeleteObjects: 0.134900 ms)

Failed to create agent because it is not close enough to the NavMesh
TravelToNode: Start waiting for clients
TravelToNode: All clients are ready
[DewResources] Preload Rule Added by Room_Forest_Start_0: 549 -> 577 (+28)
[DewResources] Maintenance Finished: 579 -> 250 (-377) (+48)
Rev_PlayWithRangedTraveler completed
Started tracking 2 reveries
No local achievement continue data found.
Started tracking 37 achievements
Quest_ShapeOfDreams started step 'Default' 
Received game result from server. didGameEnd: False
Deleting old auto-recovery backup: r_profile44799945-b1ea-4dae-9ae0-2c2d81746a41_500.json
Created auto-recovery backup 510 for r_profile44799945-b1ea-4dae-9ae0-2c2d81746a41
Profile Main saved.
GetLinkId target Rift_RoomExit has no link type
Failed to create agent because it is not close enough to the NavMesh
Continue data saved.
Unloading 12 Unused Serialized files (Serialized files now loaded: 2)
UnloadTime: 2.907600 ms
Current scene: Room_Forest_Combat_0
Unloading 18744 unused Assets to reduce memory usage. Loaded Objects now: 85465.
Total: 84.175700 ms (FindLiveObjects: 4.918300 ms CreateObjectMapping: 3.542700 ms MarkObjects: 47.625600 ms  DeleteObjects: 28.088900 ms)

Unloading 11 Unused Serialized files (Serialized files now loaded: 2)
Deleting old auto-recovery backup: r_continue44799945-b1ea-4dae-9ae0-2c2d81746a41_1386.json
Created auto-recovery backup 1396 for r_continue44799945-b1ea-4dae-9ae0-2c2d81746a41
Profile Continue saved.
Unloading 3 unused Assets to reduce memory usage. Loaded Objects now: 85581.
Total: 50.279200 ms (FindLiveObjects: 4.084800 ms CreateObjectMapping: 1.304300 ms MarkObjects: 44.760000 ms  DeleteObjects: 0.129800 ms)

Failed to create agent because it is not close enough to the NavMesh
TravelToNode: Start waiting for clients
TravelToNode: All clients are ready
[DewResources] Preload Rule Added by Room_Forest_Combat_0: 256 (Nothing changed)
[DewResources] Maintenance Finished: 256 -> 255 (-2) (+1)
Received game result from server. didGameEnd: False
GetLinkId target Rift_RoomExit has no link type
Failed to create agent because it is not close enough to the NavMesh
Continue data saved.
Unloading 16 Unused Serialized files (Serialized files now loaded: 2)
UnloadTime: 2.086100 ms
Current scene: Room_Forest_Combat_4
Unloading 353 unused Assets to reduce memory usage. Loaded Objects now: 86290.
Total: 62.885600 ms (FindLiveObjects: 4.247500 ms CreateObjectMapping: 1.494200 ms MarkObjects: 50.245600 ms  DeleteObjects: 6.898000 ms)

Unloading 13 Unused Serialized files (Serialized files now loaded: 2)
Deleting old auto-recovery backup: r_continue44799945-b1ea-4dae-9ae0-2c2d81746a41_1387.json
Created auto-recovery backup 1397 for r_continue44799945-b1ea-4dae-9ae0-2c2d81746a41
Profile Continue saved.
Unloading 3 unused Assets to reduce memory usage. Loaded Objects now: 86292.
Total: 54.039200 ms (FindLiveObjects: 6.198200 ms CreateObjectMapping: 1.744000 ms MarkObjects: 45.959500 ms  DeleteObjects: 0.137300 ms)

Failed to create agent because it is not close enough to the NavMesh
TravelToNode: Start waiting for clients
TravelToNode: All clients are ready
[DewResources] Preload Rule Added by Room_Forest_Combat_4: 270 (Nothing changed)
[DewResources] Maintenance Finished: 271 -> 269 (-2) (+0)
Received game result from server. didGameEnd: False
GetLinkId target Rift_RoomExit has no link type
Failed to create agent because it is not close enough to the NavMesh
Continue data saved.
Deleting old auto-recovery backup: r_continue44799945-b1ea-4dae-9ae0-2c2d81746a41_1388.json
Created auto-recovery backup 1398 for r_continue44799945-b1ea-4dae-9ae0-2c2d81746a41
Profile Continue saved.
Unloading 19 Unused Serialized files (Serialized files now loaded: 2)
UnloadTime: 1.537100 ms
Current scene: Room_Forest_Combat_2
Unloading 551 unused Assets to reduce memory usage. Loaded Objects now: 87260.
Total: 57.243500 ms (FindLiveObjects: 4.086100 ms CreateObjectMapping: 1.476000 ms MarkObjects: 47.630200 ms  DeleteObjects: 4.050800 ms)

Unloading 14 Unused Serialized files (Serialized files now loaded: 2)
Unloading 3 unused Assets to reduce memory usage. Loaded Objects now: 87262.
Total: 59.099400 ms (FindLiveObjects: 4.158100 ms CreateObjectMapping: 1.356900 ms MarkObjects: 53.449100 ms  DeleteObjects: 0.134900 ms)

Failed to create agent because it is not close enough to the NavMesh
TravelToNode: Start waiting for clients
TravelToNode: All clients are ready
[DewResources] Preload Rule Added by Room_Forest_Combat_2: 278 (Nothing changed)
[DewResources] Maintenance Finished: 278 -> 276 (-2) (+0)
Received game result from server. didGameEnd: False
GetLinkId target Rift_RoomExit has no link type
Failed to create agent because it is not close enough to the NavMesh
Continue data saved.
Unloading 14 Unused Serialized files (Serialized files now loaded: 2)
UnloadTime: 3.665500 ms
Current scene: Room_Forest_Combat_0_1
Unloading 475 unused Assets to reduce memory usage. Loaded Objects now: 87825.
Total: 57.723600 ms (FindLiveObjects: 4.223400 ms CreateObjectMapping: 1.586500 ms MarkObjects: 45.535600 ms  DeleteObjects: 6.377800 ms)

Unloading 12 Unused Serialized files (Serialized files now loaded: 2)
Deleting old auto-recovery backup: r_continue44799945-b1ea-4dae-9ae0-2c2d81746a41_1389.json
Created auto-recovery backup 1399 for r_continue44799945-b1ea-4dae-9ae0-2c2d81746a41
Profile Continue saved.
Unloading 3 unused Assets to reduce memory usage. Loaded Objects now: 87941.
Total: 51.296400 ms (FindLiveObjects: 4.358600 ms CreateObjectMapping: 1.488300 ms MarkObjects: 45.261300 ms  DeleteObjects: 0.188000 ms)

Failed to create agent because it is not close enough to the NavMesh
TravelToNode: Start waiting for clients
TravelToNode: All clients are ready
Added modifier of type RoomMod_SpawnMiniBoss
[DewResources] Preload Rule Added by Room_Forest_Combat_0_1: 284 (Nothing changed)
[DewResources] Maintenance Finished: 284 -> 281 (-3) (+0)
Received game result from server. didGameEnd: False
GetLinkId target Rift_RoomExit has no link type
Failed to create agent because it is not close enough to the NavMesh
Continue data saved.
Unloading 16 Unused Serialized files (Serialized files now loaded: 2)
UnloadTime: 1.498500 ms
Current scene: Room_Forest_Combat_4_3
Unloading 417 unused Assets to reduce memory usage. Loaded Objects now: 88369.
Total: 54.729700 ms (FindLiveObjects: 4.020500 ms CreateObjectMapping: 1.490000 ms MarkObjects: 45.178000 ms  DeleteObjects: 4.040900 ms)

Unloading 13 Unused Serialized files (Serialized files now loaded: 2)
Deleting old auto-recovery backup: r_continue44799945-b1ea-4dae-9ae0-2c2d81746a41_1390.json
Created auto-recovery backup 1400 for r_continue44799945-b1ea-4dae-9ae0-2c2d81746a41
Profile Continue saved.
Unloading 3 unused Assets to reduce memory usage. Loaded Objects now: 88371.
Total: 53.423300 ms (FindLiveObjects: 4.788700 ms CreateObjectMapping: 1.519600 ms MarkObjects: 46.973700 ms  DeleteObjects: 0.140900 ms)

Failed to create agent because it is not close enough to the NavMesh
Failed to create agent because it is not close enough to the NavMesh
Failed to create agent because it is not close enough to the NavMesh
TravelToNode: Start waiting for clients
TravelToNode: All clients are ready
Added modifier of type RoomMod_SpawnWell
[DewResources] Preload Rule Added by Room_Forest_Combat_4_3: 294 (Nothing changed)
[DewResources] Maintenance Finished: 295 -> 292 (-4) (+1)
Received game result from server. didGameEnd: False
GetLinkId target Rift_RoomExit has no link type
Failed to create agent because it is not close enough to the NavMesh
Continue data saved.
Unloading 17 Unused Serialized files (Serialized files now loaded: 2)
UnloadTime: 6.351100 ms
Current scene: Room_Forest_Combat_4_2
Unloading 316 unused Assets to reduce memory usage. Loaded Objects now: 89258.
Total: 59.508500 ms (FindLiveObjects: 6.053600 ms CreateObjectMapping: 2.259000 ms MarkObjects: 46.924500 ms  DeleteObjects: 4.271100 ms)

Unloading 13 Unused Serialized files (Serialized files now loaded: 2)
Deleting old auto-recovery backup: r_continue44799945-b1ea-4dae-9ae0-2c2d81746a41_1391.json
Created auto-recovery backup 1401 for r_continue44799945-b1ea-4dae-9ae0-2c2d81746a41
Profile Continue saved.
Unloading 3 unused Assets to reduce memory usage. Loaded Objects now: 89260.
Total: 53.425600 ms (FindLiveObjects: 4.356900 ms CreateObjectMapping: 1.470800 ms MarkObjects: 47.461000 ms  DeleteObjects: 0.136400 ms)

Failed to create agent because it is not close enough to the NavMesh
TravelToNode: Start waiting for clients
TravelToNode: All clients are ready
Added modifier of type RoomMod_SpawnGuidance
Added modifier of type RoomMod_SpawnWell
[DewResources] Preload Rule Added by Room_Forest_Combat_4_2: 305 (Nothing changed)
[DewResources] Maintenance Finished: 305 -> 301 (-4) (+0)
Received game result from server. didGameEnd: False
GetLinkId target Rift_RoomExit has no link type
Failed to create agent because it is not close enough to the NavMesh
Continue data saved.
Unloading 15 Unused Serialized files (Serialized files now loaded: 2)
UnloadTime: 1.540100 ms
Current scene: Room_Forest_Combat_0_4
Unloading 663 unused Assets to reduce memory usage. Loaded Objects now: 89150.
Total: 60.158800 ms (FindLiveObjects: 4.541000 ms CreateObjectMapping: 1.415100 ms MarkObjects: 49.712300 ms  DeleteObjects: 4.490000 ms)

Unloading 13 Unused Serialized files (Serialized files now loaded: 2)
Deleting old auto-recovery backup: r_continue44799945-b1ea-4dae-9ae0-2c2d81746a41_1392.json
Created auto-recovery backup 1402 for r_continue44799945-b1ea-4dae-9ae0-2c2d81746a41
Profile Continue saved.
Unloading 3 unused Assets to reduce memory usage. Loaded Objects now: 89266.
Total: 51.208600 ms (FindLiveObjects: 4.543900 ms CreateObjectMapping: 1.483200 ms MarkObjects: 45.039200 ms  DeleteObjects: 0.142000 ms)

Failed to create agent because it is not close enough to the NavMesh
TravelToNode: Start waiting for clients
TravelToNode: All clients are ready
Added modifier of type RoomMod_SpawnBlessedGuidance
[DewResources] Preload Rule Added by Room_Forest_Combat_0_4: 307 (Nothing changed)
[DewResources] Maintenance Finished: 307 -> 303 (-4) (+0)
Received game result from server. didGameEnd: False
GetLinkId target Rift_RoomExit has no link type
Failed to create agent because it is not close enough to the NavMesh
Continue data saved.
Deleting old auto-recovery backup: r_continue44799945-b1ea-4dae-9ae0-2c2d81746a41_1393.json
Created auto-recovery backup 1403 for r_continue44799945-b1ea-4dae-9ae0-2c2d81746a41
Profile Continue saved.
Unloading 18 Unused Serialized files (Serialized files now loaded: 2)
UnloadTime: 6.610700 ms
Current scene: Room_Forest_Shop_4
Unloading 274 unused Assets to reduce memory usage. Loaded Objects now: 89701.
Total: 56.385700 ms (FindLiveObjects: 4.468800 ms CreateObjectMapping: 1.500900 ms MarkObjects: 49.478800 ms  DeleteObjects: 0.937000 ms)

Unloading 13 Unused Serialized files (Serialized files now loaded: 2)
Unloading 3 unused Assets to reduce memory usage. Loaded Objects now: 89703.
Total: 56.860600 ms (FindLiveObjects: 4.687600 ms CreateObjectMapping: 1.485800 ms MarkObjects: 50.557100 ms  DeleteObjects: 0.129800 ms)

Failed to create agent because it is not close enough to the NavMesh
Failed to create agent because it is not close enough to the NavMesh
TravelToNode: Start waiting for clients
[DewResources] Preload Rule Added by PropEnt_Merchant_Shop (1): 311 -> 316 (+5)
TravelToNode: All clients are ready
[DewResources] Preload Rule Added by Room_Forest_Shop_4: 316 (Nothing changed)
[DewResources] Maintenance Finished: 316 -> 317 (-3) (+4)
Received game result from server. didGameEnd: False
GetLinkId target Rift_RoomExit has no link type
Failed to create agent because it is not close enough to the NavMesh
Continue data saved.
Unloading 14 Unused Serialized files (Serialized files now loaded: 2)
Deleting old auto-recovery backup: r_continue44799945-b1ea-4dae-9ae0-2c2d81746a41_1394.json
Created auto-recovery backup 1404 for r_continue44799945-b1ea-4dae-9ae0-2c2d81746a41
Profile Continue saved.
UnloadTime: 1.458000 ms
Current scene: Room_Forest_Boss_0
Unloading 453 unused Assets to reduce memory usage. Loaded Objects now: 90905.
Total: 60.003500 ms (FindLiveObjects: 4.734200 ms CreateObjectMapping: 1.553700 ms MarkObjects: 50.179100 ms  DeleteObjects: 3.536200 ms)

Unloading 13 Unused Serialized files (Serialized files now loaded: 2)
Unloading 3 unused Assets to reduce memory usage. Loaded Objects now: 91021.
Total: 55.117900 ms (FindLiveObjects: 5.966900 ms CreateObjectMapping: 1.498700 ms MarkObjects: 47.522900 ms  DeleteObjects: 0.129200 ms)

Failed to create agent because it is not close enough to the NavMesh
TravelToNode: Start waiting for clients
TravelToNode: All clients are ready
[DewResources] Preload Rule Added by Room_Forest_Boss_0: 320 -> 335 (+15)
[DewResources] Maintenance Finished: 335 -> 322 (-14) (+1)
Received game result from server. didGameEnd: False
GetLinkId target Rift_RoomExit has no link type
Continue data saved.
Deleting old auto-recovery backup: r_continue44799945-b1ea-4dae-9ae0-2c2d81746a41_1395.json
Created auto-recovery backup 1405 for r_continue44799945-b1ea-4dae-9ae0-2c2d81746a41
Profile Continue saved.
GetLinkId target Rift_RoomExit has no link type
Failed to create agent because it is not close enough to the NavMesh
Ambient level is now 2
Generated a map with 20 nodes (Target: 21)
Continue data saved.
Couldn't create a Convex Mesh from source mesh "ShattRocks_SR_1" within the maximum polygons limit (256). The partial hull will be used. Consider simplifying your mesh.
Couldn't create a Convex Mesh from source mesh "ShattRocks_L1" within the maximum polygons limit (256). The partial hull will be used. Consider simplifying your mesh.
Unloading 25 Unused Serialized files (Serialized files now loaded: 2)
UnloadTime: 2.345300 ms
Current scene: Room_SnowMountain_Start_0
Deleting old auto-recovery backup: r_continue44799945-b1ea-4dae-9ae0-2c2d81746a41_1396.json
Created auto-recovery backup 1406 for r_continue44799945-b1ea-4dae-9ae0-2c2d81746a41
Profile Continue saved.
Unloading 356 unused Assets to reduce memory usage. Loaded Objects now: 93869.
Total: 65.210600 ms (FindLiveObjects: 4.826600 ms CreateObjectMapping: 1.621400 ms MarkObjects: 47.912700 ms  DeleteObjects: 10.849500 ms)

Unloading 19 Unused Serialized files (Serialized files now loaded: 2)
Unloading 3 unused Assets to reduce memory usage. Loaded Objects now: 93871.
Total: 49.985300 ms (FindLiveObjects: 4.903800 ms CreateObjectMapping: 1.610800 ms MarkObjects: 43.324700 ms  DeleteObjects: 0.145800 ms)

Failed to create agent because it is not close enough to the NavMesh
TravelToNode: Start waiting for clients
TravelToNode: All clients are ready
[DewResources] Preload Rule Added by Room_SnowMountain_Start_0: 382 -> 415 (+33)
Couldn't create a Convex Mesh from source mesh "Crystal_Obsidian_03_low" within the maximum polygons limit (256). The partial hull will be used. Consider simplifying your mesh.
[DewResources] Maintenance Finished: 415 -> 344 (-76) (+5)
Couldn't create a Convex Mesh from source mesh "Crystal_Obsidian_02_low" within the maximum polygons limit (256). The partial hull will be used. Consider simplifying your mesh.
Received game result from server. didGameEnd: False
GetLinkId target Rift_RoomExit has no link type
Failed to create agent because it is not close enough to the NavMesh
Continue data saved.
Couldn't create a Convex Mesh from source mesh "ValleyGrayCliff" within the maximum polygons limit (256). The partial hull will be used. Consider simplifying your mesh.
Unloading 32 Unused Serialized files (Serialized files now loaded: 2)
UnloadTime: 1.580200 ms
Current scene: Room_SnowMountain_Combat_3
Deleting old auto-recovery backup: r_continue44799945-b1ea-4dae-9ae0-2c2d81746a41_1397.json
Created auto-recovery backup 1407 for r_continue44799945-b1ea-4dae-9ae0-2c2d81746a41
Profile Continue saved.
Unloading 3356 unused Assets to reduce memory usage. Loaded Objects now: 93577.
Total: 67.548600 ms (FindLiveObjects: 5.519300 ms CreateObjectMapping: 2.200800 ms MarkObjects: 46.324200 ms  DeleteObjects: 13.503900 ms)

Unloading 22 Unused Serialized files (Serialized files now loaded: 2)
Unloading 3 unused Assets to reduce memory usage. Loaded Objects now: 93579.
Total: 53.346700 ms (FindLiveObjects: 4.955500 ms CreateObjectMapping: 1.639000 ms MarkObjects: 46.624300 ms  DeleteObjects: 0.127600 ms)

Failed to create agent because it is not close enough to the NavMesh
TravelToNode: Start waiting for clients
Failed to create agent because it is not close enough to the NavMesh
Failed to create agent because it is not close enough to the NavMesh
Failed to create agent because it is not close enough to the NavMesh
Failed to create agent because it is not close enough to the NavMesh
Failed to create agent because it is not close enough to the NavMesh
TravelToNode: All clients are ready
[DewResources] Preload Rule Added by Room_SnowMountain_Combat_3: 346 (Nothing changed)
[DewResources] Maintenance Finished: 346 -> 329 (-17) (+0)
Received game result from server. didGameEnd: False
GetLinkId target Rift_RoomExit has no link type
Failed to create agent because it is not close enough to the NavMesh
Continue data saved.
Unloading 36 Unused Serialized files (Serialized files now loaded: 2)
UnloadTime: 6.905100 ms
Current scene: Room_SnowMountain_Combat_4_1
Unloading 1002 unused Assets to reduce memory usage. Loaded Objects now: 92666.
Total: 67.782300 ms (FindLiveObjects: 5.860600 ms CreateObjectMapping: 1.709700 ms MarkObjects: 49.057400 ms  DeleteObjects: 11.154300 ms)

Unloading 26 Unused Serialized files (Serialized files now loaded: 2)
Deleting old auto-recovery backup: r_continue44799945-b1ea-4dae-9ae0-2c2d81746a41_1398.json
Created auto-recovery backup 1408 for r_continue44799945-b1ea-4dae-9ae0-2c2d81746a41
Profile Continue saved.
Unloading 5 unused Assets to reduce memory usage. Loaded Objects now: 92780.
Total: 53.510100 ms (FindLiveObjects: 4.879200 ms CreateObjectMapping: 1.686800 ms MarkObjects: 46.805400 ms  DeleteObjects: 0.138300 ms)

Failed to create agent because it is not close enough to the NavMesh
TravelToNode: Start waiting for clients
TravelToNode: All clients are ready
[DewResources] Preload Rule Added by Room_SnowMountain_Combat_4_1: 339 (Nothing changed)
[DewResources] Maintenance Finished: 339 -> 337 (-2) (+0)
Received game result from server. didGameEnd: False
GetLinkId target Rift_RoomExit has no link type
Failed to create agent because it is not close enough to the NavMesh
Continue data saved.
Couldn't create a Convex Mesh from source mesh "ValleyGrayCliff" within the maximum polygons limit (256). The partial hull will be used. Consider simplifying your mesh.
Unloading 41 Unused Serialized files (Serialized files now loaded: 2)
UnloadTime: 1.726400 ms
Current scene: Room_SnowMountain_Combat_2_2
Deleting old auto-recovery backup: r_continue44799945-b1ea-4dae-9ae0-2c2d81746a41_1399.json
Created auto-recovery backup 1409 for r_continue44799945-b1ea-4dae-9ae0-2c2d81746a41
Profile Continue saved.
Unloading 346 unused Assets to reduce memory usage. Loaded Objects now: 94550.
Total: 65.544000 ms (FindLiveObjects: 7.787200 ms CreateObjectMapping: 2.895300 ms MarkObjects: 49.573800 ms  DeleteObjects: 5.287500 ms)

Unloading 27 Unused Serialized files (Serialized files now loaded: 2)
Unloading 3 unused Assets to reduce memory usage. Loaded Objects now: 94552.
Total: 60.076200 ms (FindLiveObjects: 5.199600 ms CreateObjectMapping: 1.937200 ms MarkObjects: 52.800400 ms  DeleteObjects: 0.138500 ms)

Failed to create agent because it is not close enough to the NavMesh
TravelToNode: Start waiting for clients
Failed to create agent because it is not close enough to the NavMesh
TravelToNode: All clients are ready
Added modifier of type RoomMod_SpawnWell
Added modifier of type RoomMod_SpawnMiniBoss
[DewResources] Preload Rule Added by Room_SnowMountain_Combat_2_2: 351 (Nothing changed)
[DewResources] Maintenance Finished: 351 -> 349 (-2) (+0)
Received game result from server. didGameEnd: False
GetValidAgentPosition position is not a valid point on NavMesh!
GetValidAgentPosition position is not a valid point on NavMesh!
GetValidAgentPosition position is not a valid point on NavMesh!
GetValidAgentPosition position is not a valid point on NavMesh!
GetValidAgentPosition position is not a valid point on NavMesh!
GetValidAgentPosition position is not a valid point on NavMesh!
GetValidAgentPosition position is not a valid point on NavMesh!
GetValidAgentPosition position is not a valid point on NavMesh!
GetValidAgentPosition position is not a valid point on NavMesh!
GetLinkId target Rift_RoomExit has no link type
Failed to create agent because it is not close enough to the NavMesh
Continue data saved.
Couldn't create a Convex Mesh from source mesh "ShattRocks_L1" within the maximum polygons limit (256). The partial hull will be used. Consider simplifying your mesh.
Unloading 33 Unused Serialized files (Serialized files now loaded: 2)
UnloadTime: 6.956800 ms
Current scene: Room_SnowMountain_Combat_0_2
Unloading 283 unused Assets to reduce memory usage. Loaded Objects now: 94514.
Total: 84.486700 ms (FindLiveObjects: 5.357900 ms CreateObjectMapping: 1.812600 ms MarkObjects: 75.675700 ms  DeleteObjects: 1.640400 ms)

Unloading 24 Unused Serialized files (Serialized files now loaded: 2)
Deleting old auto-recovery backup: r_continue44799945-b1ea-4dae-9ae0-2c2d81746a41_1400.json
Created auto-recovery backup 1410 for r_continue44799945-b1ea-4dae-9ae0-2c2d81746a41
Profile Continue saved.
Unloading 5 unused Assets to reduce memory usage. Loaded Objects now: 94628.
Total: 54.872700 ms (FindLiveObjects: 5.376100 ms CreateObjectMapping: 1.583800 ms MarkObjects: 47.769400 ms  DeleteObjects: 0.143200 ms)

Failed to create agent because it is not close enough to the NavMesh
Failed to create agent because it is not close enough to the NavMesh
TravelToNode: Start waiting for clients
TravelToNode: All clients are ready
Added modifier of type RoomMod_SpawnGuidance
Added modifier of type RoomMod_SpawnHatred
[DewResources] Preload Rule Added by Room_SnowMountain_Combat_0_2: 357 (Nothing changed)
[DewResources] Maintenance Finished: 382 -> 354 (-28) (+0)
Received game result from server. didGameEnd: False
Quest_KillToLiftCurse started step 'Default' 
GetLinkId target Rift_RoomExit has no link type
Failed to create agent because it is not close enough to the NavMesh
Continue data saved.
Unloading 34 Unused Serialized files (Serialized files now loaded: 2)
UnloadTime: 3.443300 ms
Current scene: Room_SnowMountain_Combat_4
Unloading 820 unused Assets to reduce memory usage. Loaded Objects now: 94379.
Total: 62.281700 ms (FindLiveObjects: 4.966500 ms CreateObjectMapping: 1.641400 ms MarkObjects: 48.722200 ms  DeleteObjects: 6.951300 ms)

Unloading 24 Unused Serialized files (Serialized files now loaded: 2)
Deleting old auto-recovery backup: r_continue44799945-b1ea-4dae-9ae0-2c2d81746a41_1401.json
Created auto-recovery backup 1411 for r_continue44799945-b1ea-4dae-9ae0-2c2d81746a41
Profile Continue saved.
Unloading 3 unused Assets to reduce memory usage. Loaded Objects now: 94495.
Total: 60.668300 ms (FindLiveObjects: 6.759300 ms CreateObjectMapping: 2.062600 ms MarkObjects: 51.710200 ms  DeleteObjects: 0.135900 ms)

Failed to create agent because it is not close enough to the NavMesh
TravelToNode: Start waiting for clients
TravelToNode: All clients are ready
Added modifier of type RoomMod_SpawnGuidance
Added modifier of type RoomMod_SpawnWell
[DewResources] Preload Rule Added by Room_SnowMountain_Combat_4: 375 (Nothing changed)
[DewResources] Maintenance Finished: 375 -> 372 (-3) (+0)
Received game result from server. didGameEnd: False
GetLinkId target Rift_RoomExit has no link type
Failed to create agent because it is not close enough to the NavMesh
Continue data saved.
Couldn't create a Convex Mesh from source mesh "ValleyGrayCliff" within the maximum polygons limit (256). The partial hull will be used. Consider simplifying your mesh.
Unloading 36 Unused Serialized files (Serialized files now loaded: 2)
UnloadTime: 1.915300 ms
Current scene: Room_SnowMountain_Combat_3_1
Unloading 563 unused Assets to reduce memory usage. Loaded Objects now: 94496.
Total: 63.267300 ms (FindLiveObjects: 5.309200 ms CreateObjectMapping: 1.877100 ms MarkObjects: 49.711100 ms  DeleteObjects: 6.369600 ms)

Unloading 24 Unused Serialized files (Serialized files now loaded: 2)
Deleting old auto-recovery backup: r_continue44799945-b1ea-4dae-9ae0-2c2d81746a41_1402.json
Created auto-recovery backup 1412 for r_continue44799945-b1ea-4dae-9ae0-2c2d81746a41
Profile Continue saved.
Unloading 3 unused Assets to reduce memory usage. Loaded Objects now: 94498.
Total: 54.573200 ms (FindLiveObjects: 5.040000 ms CreateObjectMapping: 1.906400 ms MarkObjects: 47.490400 ms  DeleteObjects: 0.135900 ms)

Failed to create agent because it is not close enough to the NavMesh
TravelToNode: Start waiting for clients
TravelToNode: All clients are ready
Added modifier of type RoomMod_HarderFightBetterReward
Added modifier of type RoomMod_SpawnGuidance
[DewResources] Preload Rule Added by Room_SnowMountain_Combat_3_1: 377 (Nothing changed)
[DewResources] Maintenance Finished: 378 -> 374 (-4) (+0)
Received game result from server. didGameEnd: False
GetLinkId target Rift_RoomExit has no link type
Failed to create agent because it is not close enough to the NavMesh
Continue data saved.
Couldn't create a Convex Mesh from source mesh "ShattRocks_L1" within the maximum polygons limit (256). The partial hull will be used. Consider simplifying your mesh.
Unloading 30 Unused Serialized files (Serialized files now loaded: 2)
UnloadTime: 1.846800 ms
Current scene: Room_SnowMountain_Combat_0_1
Unloading 538 unused Assets to reduce memory usage. Loaded Objects now: 95104.
Total: 67.850300 ms (FindLiveObjects: 7.216500 ms CreateObjectMapping: 1.809600 ms MarkObjects: 50.396000 ms  DeleteObjects: 8.428000 ms)

Unloading 24 Unused Serialized files (Serialized files now loaded: 2)
Deleting old auto-recovery backup: r_continue44799945-b1ea-4dae-9ae0-2c2d81746a41_1403.json
Created auto-recovery backup 1413 for r_continue44799945-b1ea-4dae-9ae0-2c2d81746a41
Profile Continue saved.
Unloading 5 unused Assets to reduce memory usage. Loaded Objects now: 95218.
Total: 68.005100 ms (FindLiveObjects: 4.955200 ms CreateObjectMapping: 1.554000 ms MarkObjects: 61.349500 ms  DeleteObjects: 0.146100 ms)

Failed to create agent because it is not close enough to the NavMesh
TravelToNode: Start waiting for clients
TravelToNode: All clients are ready
Added modifier of type RoomMod_HarderFightBetterReward
Added modifier of type RoomMod_SpawnDisintegration
[DewResources] Preload Rule Added by Room_SnowMountain_Combat_0_1: 387 (Nothing changed)
[DewResources] Maintenance Finished: 388 -> 381 (-9) (+2)
Received game result from server. didGameEnd: False
GetLinkId target Rift_RoomExit has no link type
Failed to create agent because it is not close enough to the NavMesh
Continue data saved.
Couldn't create a Convex Mesh from source mesh "ShattRocks_SR_1" within the maximum polygons limit (256). The partial hull will be used. Consider simplifying your mesh.
Couldn't create a Convex Mesh from source mesh "ValleyGrayCliff" within the maximum polygons limit (256). The partial hull will be used. Consider simplifying your mesh.
Unloading 34 Unused Serialized files (Serialized files now loaded: 2)
UnloadTime: 3.216700 ms
Current scene: Room_SnowMountain_Combat_2
Unloading 584 unused Assets to reduce memory usage. Loaded Objects now: 96582.
Total: 61.303900 ms (FindLiveObjects: 5.412100 ms CreateObjectMapping: 1.833500 ms MarkObjects: 53.105900 ms  DeleteObjects: 0.952100 ms)

Unloading 23 Unused Serialized files (Serialized files now loaded: 2)
Deleting old auto-recovery backup: r_continue44799945-b1ea-4dae-9ae0-2c2d81746a41_1404.json
Created auto-recovery backup 1414 for r_continue44799945-b1ea-4dae-9ae0-2c2d81746a41
Profile Continue saved.
Unloading 3 unused Assets to reduce memory usage. Loaded Objects now: 96584.
Total: 55.361300 ms (FindLiveObjects: 4.847900 ms CreateObjectMapping: 1.671800 ms MarkObjects: 48.701800 ms  DeleteObjects: 0.139600 ms)

Failed to create agent because it is not close enough to the NavMesh
TravelToNode: Start waiting for clients
Failed to create agent because it is not close enough to the NavMesh
TravelToNode: All clients are ready
Added modifier of type RoomMod_SpawnBlessedGuidance
[DewResources] Preload Rule Added by Room_SnowMountain_Combat_2: 389 (Nothing changed)
[DewResources] Maintenance Finished: 389 -> 382 (-7) (+0)
Received game result from server. didGameEnd: False
Quest_KillToLiftCurse ended step 'Default'
GetLinkId target Rift_RoomExit has no link type
Failed to create agent because it is not close enough to the NavMesh
Continue data saved.
Unloading 27 Unused Serialized files (Serialized files now loaded: 2)
UnloadTime: 7.595800 ms
Current scene: Room_SnowMountain_Boss_0
Unloading 708 unused Assets to reduce memory usage. Loaded Objects now: 95240.
Total: 75.596100 ms (FindLiveObjects: 5.491100 ms CreateObjectMapping: 1.882500 ms MarkObjects: 59.758000 ms  DeleteObjects: 8.464000 ms)

Unloading 24 Unused Serialized files (Serialized files now loaded: 2)
Deleting old auto-recovery backup: r_continue44799945-b1ea-4dae-9ae0-2c2d81746a41_1405.json
Created auto-recovery backup 1415 for r_continue44799945-b1ea-4dae-9ae0-2c2d81746a41
Profile Continue saved.
Unloading 3 unused Assets to reduce memory usage. Loaded Objects now: 95242.
Total: 53.438500 ms (FindLiveObjects: 5.048900 ms CreateObjectMapping: 1.599900 ms MarkObjects: 46.652300 ms  DeleteObjects: 0.137200 ms)

Failed to create agent because it is not close enough to the NavMesh
TravelToNode: Start waiting for clients
TravelToNode: All clients are ready
[DewResources] Preload Rule Added by Room_SnowMountain_Boss_0: 386 -> 407 (+21)
[DewResources] Maintenance Finished: 407 -> 403 (-4) (+0)
Received game result from server. didGameEnd: False
GetLinkId target Rift_RoomExit has no link type
Continue data saved.
Deleting old auto-recovery backup: r_continue44799945-b1ea-4dae-9ae0-2c2d81746a41_1406.json
Created auto-recovery backup 1416 for r_continue44799945-b1ea-4dae-9ae0-2c2d81746a41
Profile Continue saved.
GetLinkId target Rift_RoomExit has no link type
Failed to create agent because it is not close enough to the NavMesh
Ambient level is now 3
Generated a map with 24 nodes (Target: 28)
Continue data saved.
Deleting old auto-recovery backup: r_continue44799945-b1ea-4dae-9ae0-2c2d81746a41_1407.json
Created auto-recovery backup 1417 for r_continue44799945-b1ea-4dae-9ae0-2c2d81746a41
Profile Continue saved.
Unloading 27 Unused Serialized files (Serialized files now loaded: 2)
UnloadTime: 2.819100 ms
TerrainCollider: MeshCollider is not supported on terrain at the moment.
TerrainCollider: MeshCollider is not supported on terrain at the moment.
TerrainCollider: MeshCollider is not supported on terrain at the moment.
TerrainCollider: MeshCollider is not supported on terrain at the moment.
TerrainCollider: MeshCollider is not supported on terrain at the moment.
TerrainCollider: MeshCollider is not supported on terrain at the moment.
Current scene: Room_Ink_Start_0
Unloading 361 unused Assets to reduce memory usage. Loaded Objects now: 98058.
Total: 64.228500 ms (FindLiveObjects: 5.007400 ms CreateObjectMapping: 1.874000 ms MarkObjects: 48.633800 ms  DeleteObjects: 8.713200 ms)

Unloading 20 Unused Serialized files (Serialized files now loaded: 2)
Unloading 3 unused Assets to reduce memory usage. Loaded Objects now: 98174.
Total: 55.590600 ms (FindLiveObjects: 5.653500 ms CreateObjectMapping: 1.692800 ms MarkObjects: 48.094400 ms  DeleteObjects: 0.149600 ms)

Failed to create agent because it is not close enough to the NavMesh
TravelToNode: Start waiting for clients
TravelToNode: All clients are ready
[DewResources] Preload Rule Added by Room_Ink_Start_0: 467 -> 496 (+29)
[DewResources] Maintenance Finished: 496 -> 406 (-100) (+10)
Couldn't create a Convex Mesh from source mesh "sk_hat" within the maximum polygons limit (256). The partial hull will be used. Consider simplifying your mesh.
Received game result from server. didGameEnd: False
GetLinkId target Rift_RoomExit has no link type
Failed to create agent because it is not close enough to the NavMesh
Continue data saved.
Unloading 22 Unused Serialized files (Serialized files now loaded: 2)
UnloadTime: 1.676100 ms
TerrainCollider: MeshCollider is not supported on terrain at the moment.
TerrainCollider: MeshCollider is not supported on terrain at the moment.
TerrainCollider: MeshCollider is not supported on terrain at the moment.
Current scene: Room_Ink_Combat_1_2
Unloading 2915 unused Assets to reduce memory usage. Loaded Objects now: 98454.
Total: 66.459100 ms (FindLiveObjects: 5.304200 ms CreateObjectMapping: 1.914700 ms MarkObjects: 48.571900 ms  DeleteObjects: 10.668100 ms)

Unloading 17 Unused Serialized files (Serialized files now loaded: 2)
Deleting old auto-recovery backup: r_continue44799945-b1ea-4dae-9ae0-2c2d81746a41_1408.json
Created auto-recovery backup 1418 for r_continue44799945-b1ea-4dae-9ae0-2c2d81746a41
Profile Continue saved.
Unloading 3 unused Assets to reduce memory usage. Loaded Objects now: 98570.
Total: 54.776700 ms (FindLiveObjects: 5.096700 ms CreateObjectMapping: 1.765000 ms MarkObjects: 47.772700 ms  DeleteObjects: 0.142200 ms)

Failed to create agent because it is not close enough to the NavMesh
TravelToNode: Start waiting for clients
TravelToNode: All clients are ready
Added modifier of type RoomMod_SpawnGuidance
Added modifier of type RoomMod_SpawnHatred
[DewResources] Preload Rule Added by Room_Ink_Combat_1_2: 408 (Nothing changed)
[DewResources] Maintenance Finished: 433 -> 405 (-28) (+0)
Received game result from server. didGameEnd: False
Quest_KillToLiftCurse started step 'Default' 
GetLinkId target Rift_RoomExit has no link type
Failed to create agent because it is not close enough to the NavMesh
Continue data saved.
Unloading 29 Unused Serialized files (Serialized files now loaded: 2)
Couldn't create a Convex Mesh from source mesh "DarkRock_4" within the maximum polygons limit (256). The partial hull will be used. Consider simplifying your mesh.
UnloadTime: 2.078600 ms
TerrainCollider: MeshCollider is not supported on terrain at the moment.
TerrainCollider: MeshCollider is not supported on terrain at the moment.
TerrainCollider: MeshCollider is not supported on terrain at the moment.
TerrainCollider: MeshCollider is not supported on terrain at the moment.
TerrainCollider: MeshCollider is not supported on terrain at the moment.
TerrainCollider: MeshCollider is not supported on terrain at the moment.
TerrainCollider: MeshCollider is not supported on terrain at the moment.
TerrainCollider: MeshCollider is not supported on terrain at the moment.
Current scene: Room_Ink_Combat_2
Deleting old auto-recovery backup: r_continue44799945-b1ea-4dae-9ae0-2c2d81746a41_1409.json
Created auto-recovery backup 1419 for r_continue44799945-b1ea-4dae-9ae0-2c2d81746a41
Profile Continue saved.
Unloading 1143 unused Assets to reduce memory usage. Loaded Objects now: 101061.
Total: 65.959200 ms (FindLiveObjects: 7.317700 ms CreateObjectMapping: 2.866100 ms MarkObjects: 49.346400 ms  DeleteObjects: 6.428600 ms)

Unloading 23 Unused Serialized files (Serialized files now loaded: 2)
Unloading 3 unused Assets to reduce memory usage. Loaded Objects now: 101177.
Total: 60.710600 ms (FindLiveObjects: 6.118200 ms CreateObjectMapping: 1.751400 ms MarkObjects: 52.697500 ms  DeleteObjects: 0.143300 ms)

Failed to create agent because it is not close enough to the NavMesh
TravelToNode: Start waiting for clients
Failed to create agent because it is not close enough to the NavMesh
Failed to create agent because it is not close enough to the NavMesh
Failed to create agent because it is not close enough to the NavMesh
Failed to create agent because it is not close enough to the NavMesh
Failed to create agent because it is not close enough to the NavMesh
TravelToNode: All clients are ready
Added modifier of type RoomMod_SpawnWell
Added modifier of type RoomMod_Anitya
Added modifier of type RoomMod_SmallSoul
[DewResources] Preload Rule Added by Room_Ink_Combat_2: 420 (Nothing changed)
[DewResources] Maintenance Finished: 420 -> 417 (-3) (+0)
Received game result from server. didGameEnd: False
Tried to destroy a gameobject twice: Ai_Mon_Ink_GhostSpear_Atk(Clone)(Adjusted)(Clone) (UnityEngine.GameObject)
Tried to destroy a gameobject twice: Ai_Mon_Ink_GhostSpear_Atk(Clone)(Adjusted)(Clone) (UnityEngine.GameObject)
Tried to destroy a gameobject twice: Ai_Mon_Ink_GhostSpear_Atk(Clone)(Adjusted)(Clone) (UnityEngine.GameObject)
Tried to destroy a gameobject twice: Ai_Mon_Ink_GhostSpear_Atk(Clone)(Adjusted)(Clone) (UnityEngine.GameObject)
GetLinkId target Rift_RoomExit has no link type
Failed to create agent because it is not close enough to the NavMesh
Continue data saved.
Unloading 34 Unused Serialized files (Serialized files now loaded: 2)
UnloadTime: 2.835900 ms
TerrainCollider: MeshCollider is not supported on terrain at the moment.
TerrainCollider: MeshCollider is not supported on terrain at the moment.
TerrainCollider: MeshCollider is not supported on terrain at the moment.
TerrainCollider: MeshCollider is not supported on terrain at the moment.
TerrainCollider: MeshCollider is not supported on terrain at the moment.
TerrainCollider: MeshCollider is not supported on terrain at the moment.
Current scene: Room_Ink_Combat_4_4
Deleting old auto-recovery backup: r_continue44799945-b1ea-4dae-9ae0-2c2d81746a41_1410.json
Created auto-recovery backup 1420 for r_continue44799945-b1ea-4dae-9ae0-2c2d81746a41
Profile Continue saved.
Unloading 706 unused Assets to reduce memory usage. Loaded Objects now: 99249.
Total: 67.874900 ms (FindLiveObjects: 5.655100 ms CreateObjectMapping: 2.013700 ms MarkObjects: 50.048900 ms  DeleteObjects: 10.156800 ms)

Unloading 26 Unused Serialized files (Serialized files now loaded: 2)
Unloading 3 unused Assets to reduce memory usage. Loaded Objects now: 99365.
Total: 52.769000 ms (FindLiveObjects: 4.946900 ms CreateObjectMapping: 1.693500 ms MarkObjects: 45.990900 ms  DeleteObjects: 0.137600 ms)

Failed to create agent because it is not close enough to the NavMesh
TravelToNode: Start waiting for clients
TravelToNode: All clients are ready
Added modifier of type RoomMod_HarderFightBetterReward
Added modifier of type RoomMod_SpawnDisintegration
[DewResources] Preload Rule Added by Room_Ink_Combat_4_4: 428 (Nothing changed)
[DewResources] Maintenance Finished: 428 -> 424 (-4) (+0)
Received game result from server. didGameEnd: False
Tried to destroy a gameobject twice: Ai_Mon_Ink_GhostSpear_Atk(Clone)(Adjusted)(Clone) (UnityEngine.GameObject)
Tried to destroy a gameobject twice: Ai_Mon_Ink_GhostSpear_Atk(Clone)(Adjusted)(Clone) (UnityEngine.GameObject)
Tried to destroy a gameobject twice: Ai_Mon_Ink_GhostSpear_Atk(Clone)(Adjusted)(Clone) (UnityEngine.GameObject)
Quest_KillToLiftCurse ended step 'Default'
GetLinkId target Rift_RoomExit has no link type
Failed to create agent because it is not close enough to the NavMesh
Continue data saved.
Unloading 33 Unused Serialized files (Serialized files now loaded: 2)
Deleting old auto-recovery backup: r_continue44799945-b1ea-4dae-9ae0-2c2d81746a41_1411.json
Created auto-recovery backup 1421 for r_continue44799945-b1ea-4dae-9ae0-2c2d81746a41
Profile Continue saved.
UnloadTime: 3.490000 ms
TerrainCollider: MeshCollider is not supported on terrain at the moment.
TerrainCollider: MeshCollider is not supported on terrain at the moment.
TerrainCollider: MeshCollider is not supported on terrain at the moment.
TerrainCollider: MeshCollider is not supported on terrain at the moment.
TerrainCollider: MeshCollider is not supported on terrain at the moment.
TerrainCollider: MeshCollider is not supported on terrain at the moment.
Current scene: Room_Ink_Combat_3_3
Unloading 576 unused Assets to reduce memory usage. Loaded Objects now: 107066.
Total: 64.418600 ms (FindLiveObjects: 5.458600 ms CreateObjectMapping: 2.453800 ms MarkObjects: 47.391700 ms  DeleteObjects: 9.114200 ms)

Unloading 24 Unused Serialized files (Serialized files now loaded: 2)
Unloading 3 unused Assets to reduce memory usage. Loaded Objects now: 107182.
Total: 54.263900 ms (FindLiveObjects: 5.771500 ms CreateObjectMapping: 2.123400 ms MarkObjects: 46.224100 ms  DeleteObjects: 0.144600 ms)

Failed to create agent because it is not close enough to the NavMesh
TravelToNode: Start waiting for clients
TravelToNode: All clients are ready
Added modifier of type RoomMod_HarderFightBetterReward
Added modifier of type RoomMod_SpawnGuidance
[DewResources] Preload Rule Added by Room_Ink_Combat_3_3: 436 (Nothing changed)
[DewResources] Maintenance Finished: 436 -> 429 (-7) (+0)
Received game result from server. didGameEnd: False
Tried to destroy a gameobject twice: Ai_Mon_Ink_GhostSpear_Atk(Clone)(Adjusted)(Clone) (UnityEngine.GameObject)
GetLinkId target Rift_RoomExit has no link type
Failed to create agent because it is not close enough to the NavMesh
Continue data saved.
Deleting old auto-recovery backup: r_continue44799945-b1ea-4dae-9ae0-2c2d81746a41_1412.json
Created auto-recovery backup 1422 for r_continue44799945-b1ea-4dae-9ae0-2c2d81746a41
Profile Continue saved.
Unloading 25 Unused Serialized files (Serialized files now loaded: 2)
UnloadTime: 4.100200 ms
TerrainCollider: MeshCollider is not supported on terrain at the moment.
TerrainCollider: MeshCollider is not supported on terrain at the moment.
TerrainCollider: MeshCollider is not supported on terrain at the moment.
TerrainCollider: MeshCollider is not supported on terrain at the moment.
TerrainCollider: MeshCollider is not supported on terrain at the moment.
TerrainCollider: MeshCollider is not supported on terrain at the moment.
Current scene: Room_Ink_Combat_4
Unloading 657 unused Assets to reduce memory usage. Loaded Objects now: 99414.
Total: 68.785000 ms (FindLiveObjects: 5.320900 ms CreateObjectMapping: 1.872100 ms MarkObjects: 53.041400 ms  DeleteObjects: 8.550500 ms)

Unloading 21 Unused Serialized files (Serialized files now loaded: 2)
Unloading 3 unused Assets to reduce memory usage. Loaded Objects now: 99530.
Total: 56.190700 ms (FindLiveObjects: 5.342200 ms CreateObjectMapping: 1.807700 ms MarkObjects: 48.855700 ms  DeleteObjects: 0.184700 ms)

Failed to create agent because it is not close enough to the NavMesh
TravelToNode: Start waiting for clients
TravelToNode: All clients are ready
Added modifier of type RoomMod_SpawnGuidance
Added modifier of type RoomMod_SpawnMawOfDoom
Added modifier of type RoomMod_SpawnMiniBoss
[DewResources] Preload Rule Added by Room_Ink_Combat_4: 453 (Nothing changed)
[DewResources] Maintenance Finished: 453 -> 447 (-6) (+0)
Received game result from server. didGameEnd: False
Tried to destroy a gameobject twice: Ai_Mon_Ink_GhostSpear_Atk(Clone)(Adjusted)(Clone) (UnityEngine.GameObject)
Tried to destroy a gameobject twice: Ai_Mon_Ink_GhostSpear_Dash(Clone)(Adjusted)(Clone) (UnityEngine.GameObject)
Attempted to serialize unspawned GameObject: Se_MiniBoss_OrbSpitter(Clone). Prefabs and unspawned GameObjects would always be null on the other side. Please spawn it before using it in [SyncVar]s/Rpcs/Cmds/NetworkMessages etc.
SetSyncVarNetworkIdentity NetworkIdentity [0] ~!Se_MiniBoss_OrbSpitter   on [5961] has a zero netId. Maybe it is not spawned yet?
SetSyncVarNetworkIdentity NetworkIdentity [0] ~!Se_MiniBoss_OrbSpitter   on [5961] has a zero netId. Maybe it is not spawned yet?
Effect '/Fx Shoot Caster/' parent not found
Attempted to serialize unspawned GameObject: Se_MiniBoss_OrbSpitter(Clone). Prefabs and unspawned GameObjects would always be null on the other side. Please spawn it before using it in [SyncVar]s/Rpcs/Cmds/NetworkMessages etc.
SetSyncVarNetworkIdentity NetworkIdentity [0] ~!Se_MiniBoss_OrbSpitter   on [5961] has a zero netId. Maybe it is not spawned yet?
SetSyncVarNetworkIdentity NetworkIdentity [0] ~!Se_MiniBoss_OrbSpitter   on [5961] has a zero netId. Maybe it is not spawned yet?
Effect '/Fx Shoot Caster/' parent not found
Attempted to serialize unspawned GameObject: Se_MiniBoss_OrbSpitter(Clone). Prefabs and unspawned GameObjects would always be null on the other side. Please spawn it before using it in [SyncVar]s/Rpcs/Cmds/NetworkMessages etc.
SetSyncVarNetworkIdentity NetworkIdentity [0] ~!Se_MiniBoss_OrbSpitter   on [5961] has a zero netId. Maybe it is not spawned yet?
SetSyncVarNetworkIdentity NetworkIdentity [0] ~!Se_MiniBoss_OrbSpitter   on [5961] has a zero netId. Maybe it is not spawned yet?
Effect '/Fx Shoot Caster/' parent not found
GetLinkId target Rift_RoomExit has no link type
Failed to create agent because it is not close enough to the NavMesh
Continue data saved.
Deleting old auto-recovery backup: r_continue44799945-b1ea-4dae-9ae0-2c2d81746a41_1413.json
Created auto-recovery backup 1423 for r_continue44799945-b1ea-4dae-9ae0-2c2d81746a41
Profile Continue saved.
Unloading 30 Unused Serialized files (Serialized files now loaded: 2)
UnloadTime: 1.621000 ms
TerrainCollider: MeshCollider is not supported on terrain at the moment.
TerrainCollider: MeshCollider is not supported on terrain at the moment.
TerrainCollider: MeshCollider is not supported on terrain at the moment.
TerrainCollider: MeshCollider is not supported on terrain at the moment.
TerrainCollider: MeshCollider is not supported on terrain at the moment.
TerrainCollider: MeshCollider is not supported on terrain at the moment.
Current scene: Room_Ink_Shop_2
Unloading 370 unused Assets to reduce memory usage. Loaded Objects now: 104526.
Total: 69.405000 ms (FindLiveObjects: 6.525700 ms CreateObjectMapping: 2.258000 ms MarkObjects: 50.478000 ms  DeleteObjects: 10.143200 ms)

Unloading 25 Unused Serialized files (Serialized files now loaded: 2)
Unloading 3 unused Assets to reduce memory usage. Loaded Objects now: 104642.
Total: 52.474900 ms (FindLiveObjects: 5.100500 ms CreateObjectMapping: 1.732400 ms MarkObjects: 45.500400 ms  DeleteObjects: 0.141400 ms)

Failed to create agent because it is not close enough to the NavMesh
TravelToNode: Start waiting for clients
[DewResources] Preload Rule Added by PropEnt_Merchant_Shop (1): 456 -> 462 (+6)
TravelToNode: All clients are ready
[DewResources] Preload Rule Added by Room_Ink_Shop_2: 462 (Nothing changed)
[DewResources] Maintenance Finished: 462 -> 461 (-4) (+3)
Received game result from server. didGameEnd: False
GetLinkId target Rift_RoomExit has no link type
Failed to create agent because it is not close enough to the NavMesh
Continue data saved.
Deleting old auto-recovery backup: r_continue44799945-b1ea-4dae-9ae0-2c2d81746a41_1414.json
Created auto-recovery backup 1424 for r_continue44799945-b1ea-4dae-9ae0-2c2d81746a41
Profile Continue saved.
Unloading 30 Unused Serialized files (Serialized files now loaded: 2)
UnloadTime: 2.911100 ms
TerrainCollider: MeshCollider is not supported on terrain at the moment.
TerrainCollider: MeshCollider is not supported on terrain at the moment.
TerrainCollider: MeshCollider is not supported on terrain at the moment.
Current scene: Room_Ink_Combat_0_1
Unloading 819 unused Assets to reduce memory usage. Loaded Objects now: 103110.
Total: 64.706500 ms (FindLiveObjects: 5.180700 ms CreateObjectMapping: 2.220300 ms MarkObjects: 50.810500 ms  DeleteObjects: 6.494800 ms)

Unloading 27 Unused Serialized files (Serialized files now loaded: 2)
Unloading 3 unused Assets to reduce memory usage. Loaded Objects now: 103226.
Total: 58.284600 ms (FindLiveObjects: 5.891700 ms CreateObjectMapping: 1.801900 ms MarkObjects: 50.437100 ms  DeleteObjects: 0.153600 ms)

Failed to create agent because it is not close enough to the NavMesh
Failed to create agent because it is not close enough to the NavMesh
TravelToNode: Start waiting for clients
TravelToNode: All clients are ready
Added modifier of type RoomMod_SpawnWell
Added modifier of type RoomMod_Anitya
Added modifier of type RoomMod_SmallSoul
[DewResources] Preload Rule Added by Room_Ink_Combat_0_1: 465 (Nothing changed)
[DewResources] Maintenance Finished: 465 -> 454 (-11) (+0)
Received game result from server. didGameEnd: False
Tried to destroy a gameobject twice: Ai_Mon_Ink_GhostSpear_Atk(Clone)(Adjusted)(Clone) (UnityEngine.GameObject)
GetLinkId target Rift_RoomExit has no link type
Failed to create agent because it is not close enough to the NavMesh
Continue data saved.
Unloading 26 Unused Serialized files (Serialized files now loaded: 2)
UnloadTime: 7.656700 ms
TerrainCollider: MeshCollider is not supported on terrain at the moment.
TerrainCollider: MeshCollider is not supported on terrain at the moment.
TerrainCollider: MeshCollider is not supported on terrain at the moment.
Current scene: Room_Ink_Combat_0_4
Unloading 688 unused Assets to reduce memory usage. Loaded Objects now: 107543.
Total: 59.024900 ms (FindLiveObjects: 5.544300 ms CreateObjectMapping: 2.142500 ms MarkObjects: 48.023400 ms  DeleteObjects: 3.314200 ms)

Unloading 17 Unused Serialized files (Serialized files now loaded: 2)
Deleting old auto-recovery backup: r_continue44799945-b1ea-4dae-9ae0-2c2d81746a41_1415.json
Created auto-recovery backup 1425 for r_continue44799945-b1ea-4dae-9ae0-2c2d81746a41
Profile Continue saved.
Unloading 3 unused Assets to reduce memory usage. Loaded Objects now: 107659.
Total: 54.846800 ms (FindLiveObjects: 5.424600 ms CreateObjectMapping: 2.120300 ms MarkObjects: 47.126600 ms  DeleteObjects: 0.175000 ms)

Failed to create agent because it is not close enough to the NavMesh
TravelToNode: Start waiting for clients
TravelToNode: All clients are ready
Added modifier of type RoomMod_Anitya
[DewResources] Preload Rule Added by Room_Ink_Combat_0_4: 460 (Nothing changed)
[DewResources] Maintenance Finished: 460 -> 455 (-5) (+0)
Received game result from server. didGameEnd: False
Tried to destroy a gameobject twice: Ai_Mon_Ink_GhostSpear_Atk(Clone)(Adjusted)(Clone) (UnityEngine.GameObject)
GetValidAgentPosition position is not a valid point on NavMesh!
GetValidAgentPosition position is not a valid point on NavMesh!
GetLinkId target Rift_RoomExit has no link type
Failed to create agent because it is not close enough to the NavMesh
Continue data saved.
Unloading 34 Unused Serialized files (Serialized files now loaded: 2)
Deleting old auto-recovery backup: r_continue44799945-b1ea-4dae-9ae0-2c2d81746a41_1416.json
Created auto-recovery backup 1426 for r_continue44799945-b1ea-4dae-9ae0-2c2d81746a41
Profile Continue saved.
UnloadTime: 4.385000 ms
TerrainCollider: MeshCollider is not supported on terrain at the moment.
TerrainCollider: MeshCollider is not supported on terrain at the moment.
TerrainCollider: MeshCollider is not supported on terrain at the moment.
TerrainCollider: MeshCollider is not supported on terrain at the moment.
TerrainCollider: MeshCollider is not supported on terrain at the moment.
TerrainCollider: MeshCollider is not supported on terrain at the moment.
Uploading Crash Report
NullReferenceException: Object reference not set to an instance of an object
  at MagicaCloth2.RenderData.Initialize (UnityEngine.Renderer ren, MagicaCloth2.RenderSetupData referenceSetupData, MagicaCloth2.RenderSetupData+UniqueSerializationData referencePreBuildUniqueSetupData) [0x000b1] in K:\ShapeOfDream\Dew\Assets\Imported\Systems\MagicaCloth2\Scripts\Core\Manager\Render\RenderData.cs:144 
  at MagicaCloth2.RenderManager.AddRenderer (UnityEngine.Renderer ren, MagicaCloth2.RenderSetupData referenceSetupData, MagicaCloth2.RenderSetupData+UniqueSerializationData referenceUniqueSetupData) [0x00036] in K:\ShapeOfDream\Dew\Assets\Imported\Systems\MagicaCloth2\Scripts\Core\Manager\Render\RenderManager.cs:81 
  at MagicaCloth2.ClothProcess.AddRenderer (UnityEngine.Renderer ren, MagicaCloth2.RenderSetupData referenceSetupData, MagicaCloth2.RenderSetupData+UniqueSerializationData referenceUniqueSetupData) [0x0002a] in K:\ShapeOfDream\Dew\Assets\Imported\Systems\MagicaCloth2\Scripts\Core\Cloth\ClothProcess.cs:245 
  at MagicaCloth2.ClothProcess.Init () [0x0022b] in K:\ShapeOfDream\Dew\Assets\Imported\Systems\MagicaCloth2\Scripts\Core\Cloth\ClothProcess.cs:141 
UnityEngine.DebugLogHandler:Internal_LogException(Exception, Object)
UnityEngine.DebugLogHandler:LogException(Exception, Object)
UnityEngine.Logger:LogException(Exception, Object)
UnityEngine.Debug:LogException(Exception)
MagicaCloth2.ClothProcess:Init() (at K:\ShapeOfDream\Dew\Assets\Imported\Systems\MagicaCloth2\Scripts\Core\Cloth\ClothProcess.cs:216)
MagicaCloth2.MagicaCloth:Awake() (at K:\ShapeOfDream\Dew\Assets\Imported\Systems\MagicaCloth2\Scripts\Core\Cloth\MagicaCloth.cs:100)

(Filename: K:/ShapeOfDream/Dew/Assets/Imported/Systems/MagicaCloth2/Scripts/Core/Cloth/ClothProcess.cs Line: 216)

NullReferenceException: Object reference not set to an instance of an object
  at MagicaCloth2.RenderData.Initialize (UnityEngine.Renderer ren, MagicaCloth2.RenderSetupData referenceSetupData, MagicaCloth2.RenderSetupData+UniqueSerializationData referencePreBuildUniqueSetupData) [0x000b1] in K:\ShapeOfDream\Dew\Assets\Imported\Systems\MagicaCloth2\Scripts\Core\Manager\Render\RenderData.cs:144 
  at MagicaCloth2.RenderManager.AddRenderer (UnityEngine.Renderer ren, MagicaCloth2.RenderSetupData referenceSetupData, MagicaCloth2.RenderSetupData+UniqueSerializationData referenceUniqueSetupData) [0x00036] in K:\ShapeOfDream\Dew\Assets\Imported\Systems\MagicaCloth2\Scripts\Core\Manager\Render\RenderManager.cs:81 
  at MagicaCloth2.ClothProcess.AddRenderer (UnityEngine.Renderer ren, MagicaCloth2.RenderSetupData referenceSetupData, MagicaCloth2.RenderSetupData+UniqueSerializationData referenceUniqueSetupData) [0x0002a] in K:\ShapeOfDream\Dew\Assets\Imported\Systems\MagicaCloth2\Scripts\Core\Cloth\ClothProcess.cs:245 
  at MagicaCloth2.ClothProcess.Init () [0x0022b] in K:\ShapeOfDream\Dew\Assets\Imported\Systems\MagicaCloth2\Scripts\Core\Cloth\ClothProcess.cs:141 
UnityEngine.DebugLogHandler:Internal_LogException(Exception, Object)
UnityEngine.DebugLogHandler:LogException(Exception, Object)
UnityEngine.Logger:LogException(Exception, Object)
UnityEngine.Debug:LogException(Exception)
MagicaCloth2.ClothProcess:Init() (at K:\ShapeOfDream\Dew\Assets\Imported\Systems\MagicaCloth2\Scripts\Core\Cloth\ClothProcess.cs:216)
MagicaCloth2.MagicaCloth:Awake() (at K:\ShapeOfDream\Dew\Assets\Imported\Systems\MagicaCloth2\Scripts\Core\Cloth\MagicaCloth.cs:100)

(Filename: K:/ShapeOfDream/Dew/Assets/Imported/Systems/MagicaCloth2/Scripts/Core/Cloth/ClothProcess.cs Line: 216)

NullReferenceException: Object reference not set to an instance of an object
  at MagicaCloth2.RenderData.Initialize (UnityEngine.Renderer ren, MagicaCloth2.RenderSetupData referenceSetupData, MagicaCloth2.RenderSetupData+UniqueSerializationData referencePreBuildUniqueSetupData) [0x000b1] in K:\ShapeOfDream\Dew\Assets\Imported\Systems\MagicaCloth2\Scripts\Core\Manager\Render\RenderData.cs:144 
  at MagicaCloth2.RenderManager.AddRenderer (UnityEngine.Renderer ren, MagicaCloth2.RenderSetupData referenceSetupData, MagicaCloth2.RenderSetupData+UniqueSerializationData referenceUniqueSetupData) [0x00036] in K:\ShapeOfDream\Dew\Assets\Imported\Systems\MagicaCloth2\Scripts\Core\Manager\Render\RenderManager.cs:81 
  at MagicaCloth2.ClothProcess.AddRenderer (UnityEngine.Renderer ren, MagicaCloth2.RenderSetupData referenceSetupData, MagicaCloth2.RenderSetupData+UniqueSerializationData referenceUniqueSetupData) [0x0002a] in K:\ShapeOfDream\Dew\Assets\Imported\Systems\MagicaCloth2\Scripts\Core\Cloth\ClothProcess.cs:245 
  at MagicaCloth2.ClothProcess.Init () [0x0022b] in K:\ShapeOfDream\Dew\Assets\Imported\Systems\MagicaCloth2\Scripts\Core\Cloth\ClothProcess.cs:141 
UnityEngine.DebugLogHandler:Internal_LogException(Exception, Object)
UnityEngine.DebugLogHandler:LogException(Exception, Object)
UnityEngine.Logger:LogException(Exception, Object)
UnityEngine.Debug:LogException(Exception)
MagicaCloth2.ClothProcess:Init() (at K:\ShapeOfDream\Dew\Assets\Imported\Systems\MagicaCloth2\Scripts\Core\Cloth\ClothProcess.cs:216)
MagicaCloth2.MagicaCloth:Awake() (at K:\ShapeOfDream\Dew\Assets\Imported\Systems\MagicaCloth2\Scripts\Core\Cloth\MagicaCloth.cs:100)

(Filename: K:/ShapeOfDream/Dew/Assets/Imported/Systems/MagicaCloth2/Scripts/Core/Cloth/ClothProcess.cs Line: 216)

NullReferenceException: Object reference not set to an instance of an object
  at MagicaCloth2.RenderData.Initialize (UnityEngine.Renderer ren, MagicaCloth2.RenderSetupData referenceSetupData, MagicaCloth2.RenderSetupData+UniqueSerializationData referencePreBuildUniqueSetupData) [0x000b1] in K:\ShapeOfDream\Dew\Assets\Imported\Systems\MagicaCloth2\Scripts\Core\Manager\Render\RenderData.cs:144 
  at MagicaCloth2.RenderManager.AddRenderer (UnityEngine.Renderer ren, MagicaCloth2.RenderSetupData referenceSetupData, MagicaCloth2.RenderSetupData+UniqueSerializationData referenceUniqueSetupData) [0x00036] in K:\ShapeOfDream\Dew\Assets\Imported\Systems\MagicaCloth2\Scripts\Core\Manager\Render\RenderManager.cs:81 
  at MagicaCloth2.ClothProcess.AddRenderer (UnityEngine.Renderer ren, MagicaCloth2.RenderSetupData referenceSetupData, MagicaCloth2.RenderSetupData+UniqueSerializationData referenceUniqueSetupData) [0x0002a] in K:\ShapeOfDream\Dew\Assets\Imported\Systems\MagicaCloth2\Scripts\Core\Cloth\ClothProcess.cs:245 
  at MagicaCloth2.ClothProcess.Init () [0x0022b] in K:\ShapeOfDream\Dew\Assets\Imported\Systems\MagicaCloth2\Scripts\Core\Cloth\ClothProcess.cs:141 
UnityEngine.DebugLogHandler:Internal_LogException(Exception, Object)
UnityEngine.DebugLogHandler:LogException(Exception, Object)
UnityEngine.Logger:LogException(Exception, Object)
UnityEngine.Debug:LogException(Exception)
MagicaCloth2.ClothProcess:Init() (at K:\ShapeOfDream\Dew\Assets\Imported\Systems\MagicaCloth2\Scripts\Core\Cloth\ClothProcess.cs:216)
MagicaCloth2.MagicaCloth:Awake() (at K:\ShapeOfDream\Dew\Assets\Imported\Systems\MagicaCloth2\Scripts\Core\Cloth\MagicaCloth.cs:100)

(Filename: K:/ShapeOfDream/Dew/Assets/Imported/Systems/MagicaCloth2/Scripts/Core/Cloth/ClothProcess.cs Line: 216)

NullReferenceException: Object reference not set to an instance of an object
  at MagicaCloth2.RenderData.Initialize (UnityEngine.Renderer ren, MagicaCloth2.RenderSetupData referenceSetupData, MagicaCloth2.RenderSetupData+UniqueSerializationData referencePreBuildUniqueSetupData) [0x000b1] in K:\ShapeOfDream\Dew\Assets\Imported\Systems\MagicaCloth2\Scripts\Core\Manager\Render\RenderData.cs:144 
  at MagicaCloth2.RenderManager.AddRenderer (UnityEngine.Renderer ren, MagicaCloth2.RenderSetupData referenceSetupData, MagicaCloth2.RenderSetupData+UniqueSerializationData referenceUniqueSetupData) [0x00036] in K:\ShapeOfDream\Dew\Assets\Imported\Systems\MagicaCloth2\Scripts\Core\Manager\Render\RenderManager.cs:81 
  at MagicaCloth2.ClothProcess.AddRenderer (UnityEngine.Renderer ren, MagicaCloth2.RenderSetupData referenceSetupData, MagicaCloth2.RenderSetupData+UniqueSerializationData referenceUniqueSetupData) [0x0002a] in K:\ShapeOfDream\Dew\Assets\Imported\Systems\MagicaCloth2\Scripts\Core\Cloth\ClothProcess.cs:245 
  at MagicaCloth2.ClothProcess.Init () [0x0022b] in K:\ShapeOfDream\Dew\Assets\Imported\Systems\MagicaCloth2\Scripts\Core\Cloth\ClothProcess.cs:141 
UnityEngine.DebugLogHandler:Internal_LogException(Exception, Object)
UnityEngine.DebugLogHandler:LogException(Exception, Object)
UnityEngine.Logger:LogException(Exception, Object)
UnityEngine.Debug:LogException(Exception)
MagicaCloth2.ClothProcess:Init() (at K:\ShapeOfDream\Dew\Assets\Imported\Systems\MagicaCloth2\Scripts\Core\Cloth\ClothProcess.cs:216)
MagicaCloth2.MagicaCloth:Awake() (at K:\ShapeOfDream\Dew\Assets\Imported\Systems\MagicaCloth2\Scripts\Core\Cloth\MagicaCloth.cs:100)

(Filename: K:/ShapeOfDream/Dew/Assets/Imported/Systems/MagicaCloth2/Scripts/Core/Cloth/ClothProcess.cs Line: 216)

NullReferenceException: Object reference not set to an instance of an object
  at MagicaCloth2.RenderData.Initialize (UnityEngine.Renderer ren, MagicaCloth2.RenderSetupData referenceSetupData, MagicaCloth2.RenderSetupData+UniqueSerializationData referencePreBuildUniqueSetupData) [0x000b1] in K:\ShapeOfDream\Dew\Assets\Imported\Systems\MagicaCloth2\Scripts\Core\Manager\Render\RenderData.cs:144 
  at MagicaCloth2.RenderManager.AddRenderer (UnityEngine.Renderer ren, MagicaCloth2.RenderSetupData referenceSetupData, MagicaCloth2.RenderSetupData+UniqueSerializationData referenceUniqueSetupData) [0x00036] in K:\ShapeOfDream\Dew\Assets\Imported\Systems\MagicaCloth2\Scripts\Core\Manager\Render\RenderManager.cs:81 
  at MagicaCloth2.ClothProcess.AddRenderer (UnityEngine.Renderer ren, MagicaCloth2.RenderSetupData referenceSetupData, MagicaCloth2.RenderSetupData+UniqueSerializationData referenceUniqueSetupData) [0x0002a] in K:\ShapeOfDream\Dew\Assets\Imported\Systems\MagicaCloth2\Scripts\Core\Cloth\ClothProcess.cs:245 
  at MagicaCloth2.ClothProcess.Init () [0x0022b] in K:\ShapeOfDream\Dew\Assets\Imported\Systems\MagicaCloth2\Scripts\Core\Cloth\ClothProcess.cs:141 
UnityEngine.DebugLogHandler:Internal_LogException(Exception, Object)
UnityEngine.DebugLogHandler:LogException(Exception, Object)
UnityEngine.Logger:LogException(Exception, Object)
UnityEngine.Debug:LogException(Exception)
MagicaCloth2.ClothProcess:Init() (at K:\ShapeOfDream\Dew\Assets\Imported\Systems\MagicaCloth2\Scripts\Core\Cloth\ClothProcess.cs:216)
MagicaCloth2.MagicaCloth:Awake() (at K:\ShapeOfDream\Dew\Assets\Imported\Systems\MagicaCloth2\Scripts\Core\Cloth\MagicaCloth.cs:100)

(Filename: K:/ShapeOfDream/Dew/Assets/Imported/Systems/MagicaCloth2/Scripts/Core/Cloth/ClothProcess.cs Line: 216)

NullReferenceException: Object reference not set to an instance of an object
  at MagicaCloth2.RenderData.Initialize (UnityEngine.Renderer ren, MagicaCloth2.RenderSetupData referenceSetupData, MagicaCloth2.RenderSetupData+UniqueSerializationData referencePreBuildUniqueSetupData) [0x000b1] in K:\ShapeOfDream\Dew\Assets\Imported\Systems\MagicaCloth2\Scripts\Core\Manager\Render\RenderData.cs:144 
  at MagicaCloth2.RenderManager.AddRenderer (UnityEngine.Renderer ren, MagicaCloth2.RenderSetupData referenceSetupData, MagicaCloth2.RenderSetupData+UniqueSerializationData referenceUniqueSetupData) [0x00036] in K:\ShapeOfDream\Dew\Assets\Imported\Systems\MagicaCloth2\Scripts\Core\Manager\Render\RenderManager.cs:81 
  at MagicaCloth2.ClothProcess.AddRenderer (UnityEngine.Renderer ren, MagicaCloth2.RenderSetupData referenceSetupData, MagicaCloth2.RenderSetupData+UniqueSerializationData referenceUniqueSetupData) [0x0002a] in K:\ShapeOfDream\Dew\Assets\Imported\Systems\MagicaCloth2\Scripts\Core\Cloth\ClothProcess.cs:245 
  at MagicaCloth2.ClothProcess.Init () [0x0022b] in K:\ShapeOfDream\Dew\Assets\Imported\Systems\MagicaCloth2\Scripts\Core\Cloth\ClothProcess.cs:141 
UnityEngine.DebugLogHandler:Internal_LogException(Exception, Object)
UnityEngine.DebugLogHandler:LogException(Exception, Object)
UnityEngine.Logger:LogException(Exception, Object)
UnityEngine.Debug:LogException(Exception)
MagicaCloth2.ClothProcess:Init() (at K:\ShapeOfDream\Dew\Assets\Imported\Systems\MagicaCloth2\Scripts\Core\Cloth\ClothProcess.cs:216)
MagicaCloth2.MagicaCloth:Awake() (at K:\ShapeOfDream\Dew\Assets\Imported\Systems\MagicaCloth2\Scripts\Core\Cloth\MagicaCloth.cs:100)

(Filename: K:/ShapeOfDream/Dew/Assets/Imported/Systems/MagicaCloth2/Scripts/Core/Cloth/ClothProcess.cs Line: 216)

NullReferenceException: Object reference not set to an instance of an object
  at MagicaCloth2.RenderData.Initialize (UnityEngine.Renderer ren, MagicaCloth2.RenderSetupData referenceSetupData, MagicaCloth2.RenderSetupData+UniqueSerializationData referencePreBuildUniqueSetupData) [0x000b1] in K:\ShapeOfDream\Dew\Assets\Imported\Systems\MagicaCloth2\Scripts\Core\Manager\Render\RenderData.cs:144 
  at MagicaCloth2.RenderManager.AddRenderer (UnityEngine.Renderer ren, MagicaCloth2.RenderSetupData referenceSetupData, MagicaCloth2.RenderSetupData+UniqueSerializationData referenceUniqueSetupData) [0x00036] in K:\ShapeOfDream\Dew\Assets\Imported\Systems\MagicaCloth2\Scripts\Core\Manager\Render\RenderManager.cs:81 
  at MagicaCloth2.ClothProcess.AddRenderer (UnityEngine.Renderer ren, MagicaCloth2.RenderSetupData referenceSetupData, MagicaCloth2.RenderSetupData+UniqueSerializationData referenceUniqueSetupData) [0x0002a] in K:\ShapeOfDream\Dew\Assets\Imported\Systems\MagicaCloth2\Scripts\Core\Cloth\ClothProcess.cs:245 
  at MagicaCloth2.ClothProcess.Init () [0x0022b] in K:\ShapeOfDream\Dew\Assets\Imported\Systems\MagicaCloth2\Scripts\Core\Cloth\ClothProcess.cs:141 
UnityEngine.DebugLogHandler:Internal_LogException(Exception, Object)
UnityEngine.DebugLogHandler:LogException(Exception, Object)
UnityEngine.Logger:LogException(Exception, Object)
UnityEngine.Debug:LogException(Exception)
MagicaCloth2.ClothProcess:Init() (at K:\ShapeOfDream\Dew\Assets\Imported\Systems\MagicaCloth2\Scripts\Core\Cloth\ClothProcess.cs:216)
MagicaCloth2.MagicaCloth:Awake() (at K:\ShapeOfDream\Dew\Assets\Imported\Systems\MagicaCloth2\Scripts\Core\Cloth\MagicaCloth.cs:100)

(Filename: K:/ShapeOfDream/Dew/Assets/Imported/Systems/MagicaCloth2/Scripts/Core/Cloth/ClothProcess.cs Line: 216)

Current scene: Room_Ink_Combat_3_2
[MC2] Cloth runtime build failure! [Plane] : (22100) ClothProcess_Exception
[MC2] Cloth runtime build failure! [Plane] : (22100) ClothProcess_Exception
[MC2] Cloth runtime build failure! [Plane] : (22100) ClothProcess_Exception
[MC2] Cloth runtime build failure! [Plane] : (22100) ClothProcess_Exception
[MC2] Cloth runtime build failure! [Plane (1)] : (22100) ClothProcess_Exception
[MC2] Cloth runtime build failure! [Plane (1)] : (22100) ClothProcess_Exception
[MC2] Cloth runtime build failure! [Plane (1)] : (22100) ClothProcess_Exception
[MC2] Cloth runtime build failure! [Plane (1)] : (22100) ClothProcess_Exception
Unloading 984 unused Assets to reduce memory usage. Loaded Objects now: 113298.
Total: 66.466400 ms (FindLiveObjects: 6.554900 ms CreateObjectMapping: 2.156800 ms MarkObjects: 54.820000 ms  DeleteObjects: 2.934200 ms)

Unloading 26 Unused Serialized files (Serialized files now loaded: 2)
Unloading 3 unused Assets to reduce memory usage. Loaded Objects now: 113414.
Total: 60.018000 ms (FindLiveObjects: 6.158800 ms CreateObjectMapping: 2.534800 ms MarkObjects: 51.183800 ms  DeleteObjects: 0.140300 ms)

Failed to create agent because it is not close enough to the NavMesh
Failed to create agent because it is not close enough to the NavMesh
Failed to create agent because it is not close enough to the NavMesh
TravelToNode: Start waiting for clients
TravelToNode: All clients are ready
GetValidAgentPosition position is not a valid point on NavMesh!
Added modifier of type RoomMod_SpawnBlessedGuidance
[DewResources] Preload Rule Added by Room_Ink_Combat_3_2: 459 (Nothing changed)
[DewResources] Maintenance Finished: 459 -> 454 (-5) (+0)
Received game result from server. didGameEnd: False
Tried to destroy a gameobject twice: Ai_Mon_Ink_GhostSpear_Atk(Clone)(Adjusted)(Clone) (UnityEngine.GameObject)
Tried to destroy a gameobject twice: Ai_Mon_Ink_GhostSpear_Atk(Clone)(Adjusted)(Clone) (UnityEngine.GameObject)
GetLinkId target Rift_RoomExit has no link type
Failed to create agent because it is not close enough to the NavMesh
Continue data saved.
Deleting old auto-recovery backup: r_continue44799945-b1ea-4dae-9ae0-2c2d81746a41_1417.json
Created auto-recovery backup 1427 for r_continue44799945-b1ea-4dae-9ae0-2c2d81746a41
Profile Continue saved.
Unloading 31 Unused Serialized files (Serialized files now loaded: 2)
UnloadTime: 5.002600 ms
TerrainCollider: MeshCollider is not supported on terrain at the moment.
TerrainCollider: MeshCollider is not supported on terrain at the moment.
TerrainCollider: MeshCollider is not supported on terrain at the moment.
Current scene: Room_Ink_Shop_1
Unloading 927 unused Assets to reduce memory usage. Loaded Objects now: 101932.
Total: 64.311400 ms (FindLiveObjects: 5.601300 ms CreateObjectMapping: 2.057400 ms MarkObjects: 48.885400 ms  DeleteObjects: 7.767100 ms)

Unloading 28 Unused Serialized files (Serialized files now loaded: 2)
Unloading 3 unused Assets to reduce memory usage. Loaded Objects now: 102048.
Total: 58.864800 ms (FindLiveObjects: 6.441000 ms CreateObjectMapping: 1.980700 ms MarkObjects: 50.290500 ms  DeleteObjects: 0.152100 ms)

Failed to create agent because it is not close enough to the NavMesh
TravelToNode: Start waiting for clients
[DewResources] Preload Rule Added by PropEnt_Merchant_Shop: 464 -> 471 (+7)
TravelToNode: All clients are ready
[DewResources] Preload Rule Added by Room_Ink_Shop_1: 471 (Nothing changed)
[DewResources] Maintenance Finished: 471 -> 466 (-5) (+0)
Received game result from server. didGameEnd: False
GetLinkId target Rift_RoomExit has no link type
Failed to create agent because it is not close enough to the NavMesh
Continue data saved.
Couldn't create a Convex Mesh from source mesh "DarkRock_4" within the maximum polygons limit (256). The partial hull will be used. Consider simplifying your mesh.
Unloading 33 Unused Serialized files (Serialized files now loaded: 2)
UnloadTime: 2.130800 ms
TerrainCollider: MeshCollider is not supported on terrain at the moment.
TerrainCollider: MeshCollider is not supported on terrain at the moment.
TerrainCollider: MeshCollider is not supported on terrain at the moment.
TerrainCollider: MeshCollider is not supported on terrain at the moment.
TerrainCollider: MeshCollider is not supported on terrain at the moment.
TerrainCollider: MeshCollider is not supported on terrain at the moment.
TerrainCollider: MeshCollider is not supported on terrain at the moment.
TerrainCollider: MeshCollider is not supported on terrain at the moment.
Current scene: Room_Ink_Combat_2_1
Deleting old auto-recovery backup: r_continue44799945-b1ea-4dae-9ae0-2c2d81746a41_1418.json
Created auto-recovery backup 1428 for r_continue44799945-b1ea-4dae-9ae0-2c2d81746a41
Profile Continue saved.
Unloading 1402 unused Assets to reduce memory usage. Loaded Objects now: 103687.
Total: 62.371700 ms (FindLiveObjects: 5.347500 ms CreateObjectMapping: 2.198300 ms MarkObjects: 51.333700 ms  DeleteObjects: 3.492100 ms)

Unloading 26 Unused Serialized files (Serialized files now loaded: 2)
Unloading 3 unused Assets to reduce memory usage. Loaded Objects now: 103803.
Total: 57.480400 ms (FindLiveObjects: 5.467500 ms CreateObjectMapping: 2.037800 ms MarkObjects: 49.821000 ms  DeleteObjects: 0.153700 ms)

Failed to create agent because it is not close enough to the NavMesh
TravelToNode: Start waiting for clients
Failed to create agent because it is not close enough to the NavMesh
Failed to create agent because it is not close enough to the NavMesh
TravelToNode: All clients are ready
GetValidAgentPosition position is not a valid point on NavMesh!
[DewResources] Preload Rule Added by Room_Ink_Combat_2_1: 469 (Nothing changed)
[DewResources] Maintenance Finished: 469 -> 453 (-16) (+0)
Received game result from server. didGameEnd: False
Tried to destroy a gameobject twice: Ai_Mon_Ink_GhostSpear_Atk(Clone)(Adjusted)(Clone) (UnityEngine.GameObject)
Tried to destroy a gameobject twice: Ai_Mon_Ink_GhostSpear_Atk(Clone)(Adjusted)(Clone) (UnityEngine.GameObject)
GetLinkId target Rift_RoomExit has no link type
Failed to create agent because it is not close enough to the NavMesh
Continue data saved.
Deleting old auto-recovery backup: r_continue44799945-b1ea-4dae-9ae0-2c2d81746a41_1419.json
Created auto-recovery backup 1429 for r_continue44799945-b1ea-4dae-9ae0-2c2d81746a41
Profile Continue saved.
Unloading 31 Unused Serialized files (Serialized files now loaded: 2)
UnloadTime: 2.697400 ms
TerrainCollider: MeshCollider is not supported on terrain at the moment.
TerrainCollider: MeshCollider is not supported on terrain at the moment.
TerrainCollider: MeshCollider is not supported on terrain at the moment.
Current scene: Room_Ink_Combat_1_3
Unloading 926 unused Assets to reduce memory usage. Loaded Objects now: 102758.
Total: 72.091900 ms (FindLiveObjects: 5.566200 ms CreateObjectMapping: 2.195700 ms MarkObjects: 49.613600 ms  DeleteObjects: 14.716100 ms)

Unloading 25 Unused Serialized files (Serialized files now loaded: 2)
Unloading 3 unused Assets to reduce memory usage. Loaded Objects now: 102874.
Total: 55.957400 ms (FindLiveObjects: 5.338900 ms CreateObjectMapping: 1.845300 ms MarkObjects: 48.621600 ms  DeleteObjects: 0.151500 ms)

Failed to create agent because it is not close enough to the NavMesh
Failed to create agent because it is not close enough to the NavMesh
TravelToNode: Start waiting for clients
TravelToNode: All clients are ready
[DewResources] Preload Rule Added by Room_Ink_Combat_1_3: 456 (Nothing changed)
[DewResources] Maintenance Finished: 456 -> 453 (-3) (+0)
Received game result from server. didGameEnd: False
Tried to destroy a gameobject twice: Ai_Mon_Ink_GhostSpear_Atk(Clone)(Adjusted)(Clone) (UnityEngine.GameObject)
Tried to destroy a gameobject twice: Ai_Mon_Ink_GhostSpear_Atk(Clone)(Adjusted)(Clone) (UnityEngine.GameObject)
GetLinkId target Rift_RoomExit has no link type
Failed to create agent because it is not close enough to the NavMesh
Continue data saved.
Unloading 23 Unused Serialized files (Serialized files now loaded: 2)
UnloadTime: 7.857400 ms
TerrainCollider: MeshCollider is not supported on terrain at the moment.
TerrainCollider: MeshCollider is not supported on terrain at the moment.
TerrainCollider: MeshCollider is not supported on terrain at the moment.
Current scene: Room_Ink_Combat_0
Unloading 658 unused Assets to reduce memory usage. Loaded Objects now: 103251.
Total: 58.556200 ms (FindLiveObjects: 5.412800 ms CreateObjectMapping: 2.201100 ms MarkObjects: 48.604900 ms  DeleteObjects: 2.336900 ms)

Unloading 17 Unused Serialized files (Serialized files now loaded: 2)
Deleting old auto-recovery backup: r_continue44799945-b1ea-4dae-9ae0-2c2d81746a41_1420.json
Created auto-recovery backup 1430 for r_continue44799945-b1ea-4dae-9ae0-2c2d81746a41
Profile Continue saved.
Unloading 3 unused Assets to reduce memory usage. Loaded Objects now: 103367.
Total: 58.330700 ms (FindLiveObjects: 5.341300 ms CreateObjectMapping: 1.914600 ms MarkObjects: 50.934700 ms  DeleteObjects: 0.139900 ms)

Failed to create agent because it is not close enough to the NavMesh
Failed to create agent because it is not close enough to the NavMesh
TravelToNode: Start waiting for clients
TravelToNode: All clients are ready
[DewResources] Preload Rule Added by Room_Ink_Combat_0: 457 (Nothing changed)
[DewResources] Maintenance Finished: 457 -> 453 (-4) (+0)
Received game result from server. didGameEnd: False
Tried to destroy a gameobject twice: Ai_Mon_Ink_GhostSpear_Atk(Clone)(Adjusted)(Clone) (UnityEngine.GameObject)
GetLinkId target Rift_RoomExit has no link type
Failed to create agent because it is not close enough to the NavMesh
Continue data saved.
Unloading 29 Unused Serialized files (Serialized files now loaded: 2)
UnloadTime: 2.194700 ms
TerrainCollider: MeshCollider is not supported on terrain at the moment.
TerrainCollider: MeshCollider is not supported on terrain at the moment.
TerrainCollider: MeshCollider is not supported on terrain at the moment.
TerrainCollider: MeshCollider is not supported on terrain at the moment.
TerrainCollider: MeshCollider is not supported on terrain at the moment.
TerrainCollider: MeshCollider is not supported on terrain at the moment.
Current scene: Room_Ink_Combat_4_2
Deleting old auto-recovery backup: r_continue44799945-b1ea-4dae-9ae0-2c2d81746a41_1421.json
Created auto-recovery backup 1431 for r_continue44799945-b1ea-4dae-9ae0-2c2d81746a41
Profile Continue saved.
Unloading 1016 unused Assets to reduce memory usage. Loaded Objects now: 102288.
Total: 62.305300 ms (FindLiveObjects: 5.629500 ms CreateObjectMapping: 2.215500 ms MarkObjects: 48.594200 ms  DeleteObjects: 5.865900 ms)

Unloading 20 Unused Serialized files (Serialized files now loaded: 2)
Unloading 3 unused Assets to reduce memory usage. Loaded Objects now: 102404.
Total: 55.788900 ms (FindLiveObjects: 5.419100 ms CreateObjectMapping: 1.792300 ms MarkObjects: 48.431900 ms  DeleteObjects: 0.145300 ms)

Failed to create agent because it is not close enough to the NavMesh
TravelToNode: Start waiting for clients
TravelToNode: All clients are ready
GetValidAgentPosition position is not a valid point on NavMesh!
Added modifier of type RoomMod_Hunted
[DewResources] Preload Rule Added by Room_Ink_Combat_4_2: 458 (Nothing changed)
[DewResources] Maintenance Finished: 458 -> 455 (-3) (+0)
Received game result from server. didGameEnd: False
Tried to destroy a gameobject twice: Ai_Mon_Ink_GhostSpear_Atk(Clone)(Adjusted)(Clone) (UnityEngine.GameObject)
Tried to destroy a gameobject twice: Ai_Mon_Ink_GhostSpear_Atk(Clone)(Adjusted)(Clone) (UnityEngine.GameObject)
Tried to destroy a gameobject twice: Ai_Mon_Ink_GhostSpear_Atk(Clone)(Adjusted)(Clone) (UnityEngine.GameObject)
GetLinkId target Rift_RoomExit has no link type
Failed to create agent because it is not close enough to the NavMesh
Continue data saved.
Unloading 26 Unused Serialized files (Serialized files now loaded: 2)
UnloadTime: 2.999500 ms
TerrainCollider: MeshCollider is not supported on terrain at the moment.
TerrainCollider: MeshCollider is not supported on terrain at the moment.
TerrainCollider: MeshCollider is not supported on terrain at the moment.
TerrainCollider: MeshCollider is not supported on terrain at the moment.
TerrainCollider: MeshCollider is not supported on terrain at the moment.
TerrainCollider: MeshCollider is not supported on terrain at the moment.
Current scene: Room_Ink_Boss_0
Deleting old auto-recovery backup: r_continue44799945-b1ea-4dae-9ae0-2c2d81746a41_1422.json
Created auto-recovery backup 1432 for r_continue44799945-b1ea-4dae-9ae0-2c2d81746a41
Profile Continue saved.
Unloading 325 unused Assets to reduce memory usage. Loaded Objects now: 111431.
Total: 58.373500 ms (FindLiveObjects: 5.674700 ms CreateObjectMapping: 2.151400 ms MarkObjects: 47.136100 ms  DeleteObjects: 3.410900 ms)

Unloading 19 Unused Serialized files (Serialized files now loaded: 2)
Unloading 3 unused Assets to reduce memory usage. Loaded Objects now: 111547.
Total: 62.290100 ms (FindLiveObjects: 6.567900 ms CreateObjectMapping: 2.989400 ms MarkObjects: 52.572900 ms  DeleteObjects: 0.159800 ms)

Failed to create agent because it is not close enough to the NavMesh
DontDestroyOnLoad only works for root GameObjects or components on root GameObjects.
TravelToNode: Start waiting for clients
TravelToNode: All clients are ready
[DewResources] Preload Rule Added by Room_Ink_Boss_0: 459 -> 513 (+54)
[DewResources] Maintenance Finished: 513 -> 509 (-6) (+2)
Received game result from server. didGameEnd: False
[DewResources] GetGuidOfAsset failed with object: Idle (UnityEngine.AnimationClip)
[DewResources] GetGuidOfAsset failed with object: Idle (UnityEngine.AnimationClip)
[DewResources] GetGuidOfAsset failed with object: Idle (UnityEngine.AnimationClip)
[DewResources] GetGuidOfAsset failed with object: Idle (UnityEngine.AnimationClip)
[DewResources] GetGuidOfAsset failed with object: Idle (UnityEngine.AnimationClip)
[DewResources] GetGuidOfAsset failed with object: Idle (UnityEngine.AnimationClip)
[DewResources] GetGuidOfAsset failed with object: Idle (UnityEngine.AnimationClip)
[DewResources] GetGuidOfAsset failed with object: Idle (UnityEngine.AnimationClip)
[DewResources] GetGuidOfAsset failed with object: Idle (UnityEngine.AnimationClip)
[DewResources] GetGuidOfAsset failed with object: Idle (UnityEngine.AnimationClip)
GetLinkId target Rift_RoomExit has no link type
Continue data saved.
Deleting old auto-recovery backup: r_continue44799945-b1ea-4dae-9ae0-2c2d81746a41_1423.json
Created auto-recovery backup 1433 for r_continue44799945-b1ea-4dae-9ae0-2c2d81746a41
Profile Continue saved.
GetLinkId target Rift_RoomExit has no link type
Failed to create agent because it is not close enough to the NavMesh
Ambient level is now 4
Generated a map with 26 nodes (Target: 28)
Continue data saved.
Couldn't create a Convex Mesh from source mesh "ShattRocks_SR_1" within the maximum polygons limit (256). The partial hull will be used. Consider simplifying your mesh.
Deleting old auto-recovery backup: r_continue44799945-b1ea-4dae-9ae0-2c2d81746a41_1424.json
Created auto-recovery backup 1434 for r_continue44799945-b1ea-4dae-9ae0-2c2d81746a41
Profile Continue saved.
Unloading 21 Unused Serialized files (Serialized files now loaded: 2)
UnloadTime: 4.085800 ms
Current scene: Room_Despair_Start_0
Unloading 1953 unused Assets to reduce memory usage. Loaded Objects now: 138035.
Total: 77.326400 ms (FindLiveObjects: 6.925000 ms CreateObjectMapping: 3.530000 ms MarkObjects: 49.118400 ms  DeleteObjects: 17.752800 ms)

Unloading 20 Unused Serialized files (Serialized files now loaded: 2)
Unloading 3 unused Assets to reduce memory usage. Loaded Objects now: 138037.
Total: 60.517100 ms (FindLiveObjects: 7.136000 ms CreateObjectMapping: 2.354400 ms MarkObjects: 50.860800 ms  DeleteObjects: 0.165600 ms)

Failed to create agent because it is not close enough to the NavMesh
TravelToNode: Start waiting for clients
TravelToNode: All clients are ready
[DewResources] Preload Rule Added by Room_Despair_Start_0: 591 (Nothing changed)
[DewResources] Maintenance Finished: 591 -> 524 (-79) (+12)
Received game result from server. didGameEnd: False
GetLinkId target Rift_RoomExit has no link type
Failed to create agent because it is not close enough to the NavMesh
Continue data saved.
Unloading 24 Unused Serialized files (Serialized files now loaded: 2)
UnloadTime: 8.064300 ms
Current scene: Room_Despair_Combat_2_4
Deleting old auto-recovery backup: r_continue44799945-b1ea-4dae-9ae0-2c2d81746a41_1425.json
Created auto-recovery backup 1435 for r_continue44799945-b1ea-4dae-9ae0-2c2d81746a41
Profile Continue saved.
Unloading 4252 unused Assets to reduce memory usage. Loaded Objects now: 115503.
Total: 76.007300 ms (FindLiveObjects: 6.848800 ms CreateObjectMapping: 2.735700 ms MarkObjects: 54.300400 ms  DeleteObjects: 12.121700 ms)

Unloading 19 Unused Serialized files (Serialized files now loaded: 2)
Unloading 3 unused Assets to reduce memory usage. Loaded Objects now: 115503.
Total: 59.332400 ms (FindLiveObjects: 6.335600 ms CreateObjectMapping: 2.404700 ms MarkObjects: 50.432600 ms  DeleteObjects: 0.159200 ms)

Failed to create agent because it is not close enough to the NavMesh
TravelToNode: Start waiting for clients
TravelToNode: All clients are ready
Added modifier of type RoomMod_GiftMerchant
[DewResources] Preload Rule Added by Room_Despair_Combat_2_4: 527 (Nothing changed)
[DewResources] Maintenance Finished: 527 -> 524 (-3) (+0)
[DewResources] Preload Rule Added by PropEnt_Merchant_Smoothie(Clone): 566 -> 615 (+49)
Received game result from server. didGameEnd: False
Quest_TreasureMap started step 'Default' 
GetLinkId target Rift_RoomExit has no link type
Failed to create agent because it is not close enough to the NavMesh
Continue data saved.
Couldn't create a Convex Mesh from source mesh "ShattRocks_SR_1" within the maximum polygons limit (256). The partial hull will be used. Consider simplifying your mesh.
Unloading 22 Unused Serialized files (Serialized files now loaded: 2)
UnloadTime: 5.894000 ms
Current scene: Room_Despair_Start_0
Deleting old auto-recovery backup: r_continue44799945-b1ea-4dae-9ae0-2c2d81746a41_1426.json
Created auto-recovery backup 1436 for r_continue44799945-b1ea-4dae-9ae0-2c2d81746a41
Profile Continue saved.
Unloading 988 unused Assets to reduce memory usage. Loaded Objects now: 136810.
Total: 64.750200 ms (FindLiveObjects: 6.536000 ms CreateObjectMapping: 2.955400 ms MarkObjects: 50.184700 ms  DeleteObjects: 5.073800 ms)

Unloading 19 Unused Serialized files (Serialized files now loaded: 2)
Unloading 3 unused Assets to reduce memory usage. Loaded Objects now: 136812.
Total: 55.668100 ms (FindLiveObjects: 6.609400 ms CreateObjectMapping: 2.368100 ms MarkObjects: 46.525300 ms  DeleteObjects: 0.165000 ms)

Failed to create agent because it is not close enough to the NavMesh
TravelToNode: Start waiting for clients
TravelToNode: All clients are ready
[DewResources] Preload Rule Added by Room_Despair_Start_0: 618 (Nothing changed)
[DewResources] Maintenance Finished: 618 -> 555 (-63) (+0)
Received game result from server. didGameEnd: False
GetLinkId target Rift_RoomExit has no link type
Failed to create agent because it is not close enough to the NavMesh
Continue data saved.
Unloading 18 Unused Serialized files (Serialized files now loaded: 2)
UnloadTime: 7.048600 ms
Current scene: Room_Despair_Combat_0
Deleting old auto-recovery backup: r_continue44799945-b1ea-4dae-9ae0-2c2d81746a41_1427.json
Created auto-recovery backup 1437 for r_continue44799945-b1ea-4dae-9ae0-2c2d81746a41
Profile Continue saved.
Unloading 3699 unused Assets to reduce memory usage. Loaded Objects now: 148984.
Total: 69.370300 ms (FindLiveObjects: 7.649100 ms CreateObjectMapping: 2.433000 ms MarkObjects: 50.188400 ms  DeleteObjects: 9.099600 ms)

Unloading 15 Unused Serialized files (Serialized files now loaded: 2)
Unloading 3 unused Assets to reduce memory usage. Loaded Objects now: 148986.
Total: 63.369300 ms (FindLiveObjects: 8.072400 ms CreateObjectMapping: 2.212500 ms MarkObjects: 52.895400 ms  DeleteObjects: 0.188700 ms)

Failed to create agent because it is not close enough to the NavMesh
DontDestroyOnLoad only works for root GameObjects or components on root GameObjects.
TravelToNode: Start waiting for clients
TravelToNode: All clients are ready
Added modifier of type RoomMod_SpawnWell
Added modifier of type RoomMod_SpawnMiniBoss
[DewResources] Preload Rule Added by Room_Despair_Combat_0: 561 (Nothing changed)
[DewResources] Maintenance Finished: 561 -> 559 (-3) (+1)
Received game result from server. didGameEnd: False
GetLinkId target Rift_RoomExit has no link type
Failed to create agent because it is not close enough to the NavMesh
Continue data saved.
Unloading 20 Unused Serialized files (Serialized files now loaded: 2)
UnloadTime: 27.906700 ms
Current scene: Room_Despair_Combat_1_2
Deleting old auto-recovery backup: r_continue44799945-b1ea-4dae-9ae0-2c2d81746a41_1428.json
Created auto-recovery backup 1438 for r_continue44799945-b1ea-4dae-9ae0-2c2d81746a41
Profile Continue saved.
Unloading 1333 unused Assets to reduce memory usage. Loaded Objects now: 144972.
Total: 77.435800 ms (FindLiveObjects: 7.641000 ms CreateObjectMapping: 2.394400 ms MarkObjects: 57.963100 ms  DeleteObjects: 9.436900 ms)

Unloading 16 Unused Serialized files (Serialized files now loaded: 2)
Unloading 3 unused Assets to reduce memory usage. Loaded Objects now: 144974.
Total: 60.192800 ms (FindLiveObjects: 7.131500 ms CreateObjectMapping: 2.140000 ms MarkObjects: 50.740700 ms  DeleteObjects: 0.180300 ms)

Failed to create agent because it is not close enough to the NavMesh
TravelToNode: Start waiting for clients
TravelToNode: All clients are ready
Added modifier of type RoomMod_SpawnGuidance
Added modifier of type RoomMod_SpawnHatred
[DewResources] Preload Rule Added by Room_Despair_Combat_1_2: 584 (Nothing changed)
[DewResources] Maintenance Finished: 609 -> 578 (-31) (+0)
Received game result from server. didGameEnd: False
Quest_KillToLiftCurse started step 'Default' 
GetLinkId target Rift_RoomExit has no link type
Failed to create agent because it is not close enough to the NavMesh
Continue data saved.
Couldn't create a Convex Mesh from source mesh "ShattRocks_SR_1" within the maximum polygons limit (256). The partial hull will be used. Consider simplifying your mesh.
Unloading 20 Unused Serialized files (Serialized files now loaded: 2)
UnloadTime: 22.606200 ms
Current scene: Room_Despair_Combat_0_3
Deleting old auto-recovery backup: r_continue44799945-b1ea-4dae-9ae0-2c2d81746a41_1429.json
Created auto-recovery backup 1439 for r_continue44799945-b1ea-4dae-9ae0-2c2d81746a41
Profile Continue saved.
Unloading 779 unused Assets to reduce memory usage. Loaded Objects now: 165704.
Total: 70.267600 ms (FindLiveObjects: 8.234400 ms CreateObjectMapping: 2.303800 ms MarkObjects: 54.804800 ms  DeleteObjects: 4.924300 ms)

Unloading 18 Unused Serialized files (Serialized files now loaded: 2)
Unloading 3 unused Assets to reduce memory usage. Loaded Objects now: 165706.
Total: 64.693900 ms (FindLiveObjects: 9.964400 ms CreateObjectMapping: 2.550400 ms MarkObjects: 51.994500 ms  DeleteObjects: 0.184400 ms)

Failed to create agent because it is not close enough to the NavMesh
DontDestroyOnLoad only works for root GameObjects or components on root GameObjects.
TravelToNode: Start waiting for clients
TravelToNode: All clients are ready
GetValidAgentPosition position is not a valid point on NavMesh!
Added modifier of type RoomMod_SpawnGuidance
Added modifier of type RoomMod_SpawnMawOfDoom
[DewResources] Preload Rule Added by Room_Despair_Combat_0_3: 595 (Nothing changed)
[DewResources] Maintenance Finished: 595 -> 591 (-7) (+3)
Received game result from server. didGameEnd: False
GetLinkId target Rift_RoomExit has no link type
Failed to create agent because it is not close enough to the NavMesh
Continue data saved.
Unloading 20 Unused Serialized files (Serialized files now loaded: 2)
UnloadTime: 34.716500 ms
Current scene: Room_Despair_Combat_1
Deleting old auto-recovery backup: r_continue44799945-b1ea-4dae-9ae0-2c2d81746a41_1430.json
Created auto-recovery backup 1440 for r_continue44799945-b1ea-4dae-9ae0-2c2d81746a41
Profile Continue saved.
Unloading 2363 unused Assets to reduce memory usage. Loaded Objects now: 144401.
Total: 68.985800 ms (FindLiveObjects: 7.285400 ms CreateObjectMapping: 2.235900 ms MarkObjects: 49.337000 ms  DeleteObjects: 10.127300 ms)

Unloading 17 Unused Serialized files (Serialized files now loaded: 2)
Unloading 3 unused Assets to reduce memory usage. Loaded Objects now: 144403.
Total: 61.043300 ms (FindLiveObjects: 8.734900 ms CreateObjectMapping: 2.176700 ms MarkObjects: 49.955600 ms  DeleteObjects: 0.175900 ms)

Failed to create agent because it is not close enough to the NavMesh
DontDestroyOnLoad only works for root GameObjects or components on root GameObjects.
TravelToNode: Start waiting for clients
TravelToNode: All clients are ready
Added modifier of type RoomMod_SpawnWell
[DewResources] Preload Rule Added by Room_Despair_Combat_1: 597 (Nothing changed)
[DewResources] Maintenance Finished: 597 -> 595 (-4) (+2)
Received game result from server. didGameEnd: False
Quest_KillToLiftCurse ended step 'Default'
GetLinkId target Rift_RoomExit has no link type
Failed to create agent because it is not close enough to the NavMesh
Continue data saved.
Unloading 22 Unused Serialized files (Serialized files now loaded: 2)
UnloadTime: 22.870800 ms
Current scene: Room_Despair_Combat_3_4
Deleting old auto-recovery backup: r_continue44799945-b1ea-4dae-9ae0-2c2d81746a41_1431.json
Created auto-recovery backup 1441 for r_continue44799945-b1ea-4dae-9ae0-2c2d81746a41
Profile Continue saved.
Unloading 708 unused Assets to reduce memory usage. Loaded Objects now: 123610.
Total: 108.802900 ms (FindLiveObjects: 10.572200 ms CreateObjectMapping: 4.657000 ms MarkObjects: 82.435700 ms  DeleteObjects: 11.137700 ms)

Unloading 17 Unused Serialized files (Serialized files now loaded: 2)
Unloading 3 unused Assets to reduce memory usage. Loaded Objects now: 123612.
Total: 55.986800 ms (FindLiveObjects: 6.153400 ms CreateObjectMapping: 2.058900 ms MarkObjects: 47.614300 ms  DeleteObjects: 0.160100 ms)

Failed to create agent because it is not close enough to the NavMesh
DontDestroyOnLoad only works for root GameObjects or components on root GameObjects.
TravelToNode: Start waiting for clients
TravelToNode: All clients are ready
Added modifier of type RoomMod_SpawnMiniBoss
[DewResources] Preload Rule Added by Room_Despair_Combat_3_4: 607 (Nothing changed)
[DewResources] Maintenance Finished: 607 -> 596 (-11) (+0)
Received game result from server. didGameEnd: False
Attempted to serialize unspawned NetworkBehaviour: of type Mon_Despair_ParalyticFly on GameObject Mon_Despair_ParalyticFly(Clone). Prefabs and unspawned GameObjects would always be null on the other side. Please spawn it before using it in [SyncVar]s/Rpcs/Cmds/NetworkMessages etc.
Attempted to serialize unspawned NetworkBehaviour: of type Mon_Despair_ParalyticFly on GameObject Mon_Despair_ParalyticFly(Clone). Prefabs and unspawned GameObjects would always be null on the other side. Please spawn it before using it in [SyncVar]s/Rpcs/Cmds/NetworkMessages etc.
GetLinkId target Rift_RoomExit has no link type
Failed to create agent because it is not close enough to the NavMesh
Continue data saved.
Couldn't create a Convex Mesh from source mesh "ShattRocks_SR_1" within the maximum polygons limit (256). The partial hull will be used. Consider simplifying your mesh.
Unloading 23 Unused Serialized files (Serialized files now loaded: 2)
UnloadTime: 17.008800 ms
Current scene: Room_Despair_Combat_0_4
Deleting old auto-recovery backup: r_continue44799945-b1ea-4dae-9ae0-2c2d81746a41_1432.json
Created auto-recovery backup 1442 for r_continue44799945-b1ea-4dae-9ae0-2c2d81746a41
Profile Continue saved.
Unloading 769 unused Assets to reduce memory usage. Loaded Objects now: 160098.
Total: 69.565400 ms (FindLiveObjects: 9.971700 ms CreateObjectMapping: 3.886400 ms MarkObjects: 51.116000 ms  DeleteObjects: 4.591100 ms)

Unloading 19 Unused Serialized files (Serialized files now loaded: 2)
Unloading 3 unused Assets to reduce memory usage. Loaded Objects now: 160100.
Total: 60.986500 ms (FindLiveObjects: 7.947200 ms CreateObjectMapping: 2.206900 ms MarkObjects: 50.648600 ms  DeleteObjects: 0.183400 ms)

Failed to create agent because it is not close enough to the NavMesh
DontDestroyOnLoad only works for root GameObjects or components on root GameObjects.
DontDestroyOnLoad only works for root GameObjects or components on root GameObjects.
TravelToNode: Start waiting for clients
TravelToNode: All clients are ready
GetValidAgentPosition position is not a valid point on NavMesh!
Added modifier of type RoomMod_SpawnBlessedGuidance
[DewResources] Preload Rule Added by Room_Despair_Combat_0_4: 603 (Nothing changed)
[DewResources] Maintenance Finished: 603 -> 598 (-5) (+0)
Received game result from server. didGameEnd: False
GetLinkId target Rift_RoomExit has no link type
Failed to create agent because it is not close enough to the NavMesh
Continue data saved.
Unloading 22 Unused Serialized files (Serialized files now loaded: 2)
UnloadTime: 33.405600 ms
Current scene: Room_Despair_Combat_1_4
Unloading 518 unused Assets to reduce memory usage. Loaded Objects now: 130409.
Total: 68.215900 ms (FindLiveObjects: 6.405100 ms CreateObjectMapping: 2.037000 ms MarkObjects: 51.865400 ms  DeleteObjects: 7.908200 ms)

Unloading 18 Unused Serialized files (Serialized files now loaded: 2)
Deleting old auto-recovery backup: r_continue44799945-b1ea-4dae-9ae0-2c2d81746a41_1433.json
Created auto-recovery backup 1443 for r_continue44799945-b1ea-4dae-9ae0-2c2d81746a41
Profile Continue saved.
Unloading 3 unused Assets to reduce memory usage. Loaded Objects now: 130411.
Total: 57.500700 ms (FindLiveObjects: 6.311100 ms CreateObjectMapping: 2.015900 ms MarkObjects: 49.014200 ms  DeleteObjects: 0.159200 ms)

Failed to create agent because it is not close enough to the NavMesh
TravelToNode: Start waiting for clients
TravelToNode: All clients are ready
GetValidAgentPosition position is not a valid point on NavMesh!
[DewResources] Preload Rule Added by Room_Despair_Combat_1_4: 603 (Nothing changed)
[DewResources] Maintenance Finished: 603 -> 598 (-5) (+0)
Received game result from server. didGameEnd: False
GetLinkId target Rift_RoomExit has no link type
Failed to create agent because it is not close enough to the NavMesh
Continue data saved.
Couldn't create a Convex Mesh from source mesh "ShattRocks_SR_1" within the maximum polygons limit (256). The partial hull will be used. Consider simplifying your mesh.
Unloading 19 Unused Serialized files (Serialized files now loaded: 2)
UnloadTime: 13.034100 ms
Current scene: Room_Despair_Boss_0
Deleting old auto-recovery backup: r_continue44799945-b1ea-4dae-9ae0-2c2d81746a41_1434.json
Created auto-recovery backup 1444 for r_continue44799945-b1ea-4dae-9ae0-2c2d81746a41
Profile Continue saved.
Unloading 497 unused Assets to reduce memory usage. Loaded Objects now: 139116.
Total: 67.210600 ms (FindLiveObjects: 8.680600 ms CreateObjectMapping: 3.876200 ms MarkObjects: 50.340200 ms  DeleteObjects: 4.313400 ms)

Unloading 16 Unused Serialized files (Serialized files now loaded: 2)
Unloading 3 unused Assets to reduce memory usage. Loaded Objects now: 139118.
Total: 58.606100 ms (FindLiveObjects: 6.914700 ms CreateObjectMapping: 2.310500 ms MarkObjects: 49.211600 ms  DeleteObjects: 0.169200 ms)

Failed to create agent because it is not close enough to the NavMesh
TravelToNode: Start waiting for clients
TravelToNode: All clients are ready
[DewResources] Preload Rule Added by Room_Despair_Boss_0: 603 -> 626 (+23)
[DewResources] Maintenance Finished: 626 -> 621 (-5) (+0)
Quest_TreasureMap ended step 'Default'
Received game result from server. didGameEnd: False
GetLinkId target Rift_RoomExit has no link type
Continue data saved.
Creating Rift_Sidetrack_TheDream in Room_Despair_Boss_0
Deleting old auto-recovery backup: r_continue44799945-b1ea-4dae-9ae0-2c2d81746a41_1435.json
Created auto-recovery backup 1445 for r_continue44799945-b1ea-4dae-9ae0-2c2d81746a41
Profile Continue saved.
GetLinkId target Rift_RoomExit has no link type
Failed to create agent because it is not close enough to the NavMesh
Ambient level is now 5
Generated a map with 3 nodes (Target: 3)
Continue data saved.
Unloading 25 Unused Serialized files (Serialized files now loaded: 2)
UnloadTime: 16.979500 ms
Current scene: Room_Primus_Start_0
Deleting old auto-recovery backup: r_continue44799945-b1ea-4dae-9ae0-2c2d81746a41_1436.json
Created auto-recovery backup 1446 for r_continue44799945-b1ea-4dae-9ae0-2c2d81746a41
Profile Continue saved.
Unloading 807 unused Assets to reduce memory usage. Loaded Objects now: 116520.
Total: 75.823500 ms (FindLiveObjects: 8.711600 ms CreateObjectMapping: 4.281500 ms MarkObjects: 60.420400 ms  DeleteObjects: 2.409800 ms)

Unloading 22 Unused Serialized files (Serialized files now loaded: 2)
Unloading 3 unused Assets to reduce memory usage. Loaded Objects now: 116636.
Total: 63.946000 ms (FindLiveObjects: 7.192400 ms CreateObjectMapping: 2.586700 ms MarkObjects: 54.018000 ms  DeleteObjects: 0.148600 ms)

Failed to create agent because it is not close enough to the NavMesh
TravelToNode: Start waiting for clients
[DewResources] Preload Rule Added by PropEnt_Merchant_Unmanned (1): 640 -> 647 (+7)
TravelToNode: All clients are ready
[DewResources] Preload Rule Added by Room_Primus_Start_0: 647 (Nothing changed)
[DewResources] Maintenance Finished: 647 -> 577 (-71) (+1)
Received game result from server. didGameEnd: False
GetLinkId target Rift_RoomExit has no link type
Failed to create agent because it is not close enough to the NavMesh
Continue data saved.
Deleting old auto-recovery backup: r_continue44799945-b1ea-4dae-9ae0-2c2d81746a41_1437.json
Created auto-recovery backup 1447 for r_continue44799945-b1ea-4dae-9ae0-2c2d81746a41
Profile Continue saved.
Unloading 26 Unused Serialized files (Serialized files now loaded: 2)
UnloadTime: 7.158700 ms
Current scene: Room_Primus_Combat_0
Unloading 3706 unused Assets to reduce memory usage. Loaded Objects now: 147448.
Total: 75.499200 ms (FindLiveObjects: 10.707700 ms CreateObjectMapping: 3.356500 ms MarkObjects: 56.447100 ms  DeleteObjects: 4.987600 ms)

Unloading 22 Unused Serialized files (Serialized files now loaded: 2)
Unloading 3 unused Assets to reduce memory usage. Loaded Objects now: 147565.
Total: 59.448400 ms (FindLiveObjects: 7.830200 ms CreateObjectMapping: 3.156700 ms MarkObjects: 48.283500 ms  DeleteObjects: 0.177800 ms)

Failed to create agent because it is not close enough to the NavMesh
TravelToNode: Start waiting for clients
TravelToNode: All clients are ready
GetValidAgentPosition position is not a valid point on NavMesh!
GetValidAgentPosition position is not a valid point on NavMesh!
GetValidAgentPosition position is not a valid point on NavMesh!
GetValidAgentPosition position is not a valid point on NavMesh!
GetValidAgentPosition position is not a valid point on NavMesh!
GetValidAgentPosition position is not a valid point on NavMesh!
GetValidAgentPosition position is not a valid point on NavMesh!
GetValidAgentPosition position is not a valid point on NavMesh!
GetValidAgentPosition position is not a valid point on NavMesh!
GetValidAgentPosition position is not a valid point on NavMesh!
GetValidAgentPosition position is not a valid point on NavMesh!
GetValidAgentPosition position is not a valid point on NavMesh!
GetValidAgentPosition position is not a valid point on NavMesh!
GetValidAgentPosition position is not a valid point on NavMesh!
GetValidAgentPosition position is not a valid point on NavMesh!
GetValidAgentPosition position is not a valid point on NavMesh!
GetValidAgentPosition position is not a valid point on NavMesh!
[DewResources] Preload Rule Added by Room_Primus_Combat_0: 586 (Nothing changed)
GetValidAgentPosition position is not a valid point on NavMesh!
GetValidAgentDestination_LinearSweep start position is not a valid point on NavMesh!
[DewResources] Maintenance Finished: 586 -> 542 (-45) (+1)
Received game result from server. didGameEnd: False
Failed to create agent because it is not close enough to the NavMesh
Continue data saved.
Deleting old auto-recovery backup: r_continue44799945-b1ea-4dae-9ae0-2c2d81746a41_1438.json
Created auto-recovery backup 1448 for r_continue44799945-b1ea-4dae-9ae0-2c2d81746a41
Profile Continue saved.
Unloading 28 Unused Serialized files (Serialized files now loaded: 2)
UnloadTime: 12.046200 ms
Current scene: Room_Primus_Boss_0
BoxCollider does not support negative scale or size.
The effective box size has been forced positive and is likely to give unexpected collision geometry.
If you absolutely need to use negative scaling you can use the convex MeshCollider. Scene hierarchy path "Props/M_StoneFloor_A/4/SM_ArchWallStone_Blind_Column_F_4x6_A51/Collider (1)"
BoxCollider does not support negative scale or size.
The effective box size has been forced positive and is likely to give unexpected collision geometry.
If you absolutely need to use negative scaling you can use the convex MeshCollider. Scene hierarchy path "Props/M_StoneFloor_A/4/SM_ArchWallStone_Blind_Column_F_4x6_A55/Collider (1)"
BoxCollider does not support negative scale or size.
The effective box size has been forced positive and is likely to give unexpected collision geometry.
If you absolutely need to use negative scaling you can use the convex MeshCollider. Scene hierarchy path "Props/M_StoneFloor_A/GameObject (1)/SM_WallBorder_BrickC_8m_A30/Collider (1)"
BoxCollider does not support negative scale or size.
The effective box size has been forced positive and is likely to give unexpected collision geometry.
If you absolutely need to use negative scaling you can use the convex MeshCollider. Scene hierarchy path "Props/M_StoneFloor_A/GameObject (1)/SM_WallBorder_BrickC_8m_A32/Collider (1)"
BoxCollider does not support negative scale or size.
The effective box size has been forced positive and is likely to give unexpected collision geometry.
If you absolutely need to use negative scaling you can use the convex MeshCollider. Scene hierarchy path "Props/M_StoneFloor_A/GameObject (1)/SM_WallBorder_BrickC_8m_A14/Collider (1)"
BoxCollider does not support negative scale or size.
The effective box size has been forced positive and is likely to give unexpected collision geometry.
If you absolutely need to use negative scaling you can use the convex MeshCollider. Scene hierarchy path "Props/M_StoneFloor_A/GameObject (1)/SM_WallBorder_BrickC_8m_A22/Collider (1)"
BoxCollider does not support negative scale or size.
The effective box size has been forced positive and is likely to give unexpected collision geometry.
If you absolutely need to use negative scaling you can use the convex MeshCollider. Scene hierarchy path "Props/M_StoneFloor_A/GameObject (1)/SM_WallBorder_BrickC_8m_A20/Collider (1)"
BoxCollider does not support negative scale or size.
The effective box size has been forced positive and is likely to give unexpected collision geometry.
If you absolutely need to use negative scaling you can use the convex MeshCollider. Scene hierarchy path "Props/M_StoneFloor_A/GameObject (1)/SM_WallBorder_BrickC_8m_A28/Collider (1)"
BoxCollider does not support negative scale or size.
The effective box size has been forced positive and is likely to give unexpected collision geometry.
If you absolutely need to use negative scaling you can use the convex MeshCollider. Scene hierarchy path "Props/M_StoneFloor_A/4/SM_Border_A_Damaged_E28/Collider (1)"
BoxCollider does not support negative scale or size.
The effective box size has been forced positive and is likely to give unexpected collision geometry.
If you absolutely need to use negative scaling you can use the convex MeshCollider. Scene hierarchy path "Props/M_StoneFloor_A/4/BPP_PL_Gate_A_ISM7_Instance2_227/Collider (1)"
BoxCollider does not support negative scale or size.
The effective box size has been forced positive and is likely to give unexpected collision geometry.
If you absolutely need to use negative scaling you can use the convex MeshCollider. Scene hierarchy path "Props/M_StoneFloor_A/4/BPP_PL_Gate_A_ISM7_Instance1_226/Collider (1)"
BoxCollider does not support negative scale or size.
The effective box size has been forced positive and is likely to give unexpected collision geometry.
If you absolutely need to use negative scaling you can use the convex MeshCollider. Scene hierarchy path "Props/M_StoneFloor_A/4/BPP_PL_Gate_A_ISM7_Instance0_225/Collider (1)"
BoxCollider does not support negative scale or size.
The effective box size has been forced positive and is likely to give unexpected collision geometry.
If you absolutely need to use negative scaling you can use the convex MeshCollider. Scene hierarchy path "Props/M_StoneFloor_A/4/SM_Border_A_Damaged_E24/Collider (1)"
BoxCollider does not support negative scale or size.
The effective box size has been forced positive and is likely to give unexpected collision geometry.
If you absolutely need to use negative scaling you can use the convex MeshCollider. Scene hierarchy path "Props/M_StoneFloor_A/4/SM_Border_A_Damaged_E21/Collider (1)"
BoxCollider does not support negative scale or size.
The effective box size has been forced positive and is likely to give unexpected collision geometry.
If you absolutely need to use negative scaling you can use the convex MeshCollider. Scene hierarchy path "Props/M_StoneFloor_A/3/SM_Border_A_Damaged_C5/Collider (1)"
BoxCollider does not support negative scale or size.
The effective box size has been forced positive and is likely to give unexpected collision geometry.
If you absolutely need to use negative scaling you can use the convex MeshCollider. Scene hierarchy path "Props/M_StoneFloor_A/4/SM_Border_A_Damaged_C6/Collider (1)"
BoxCollider does not support negative scale or size.
The effective box size has been forced positive and is likely to give unexpected collision geometry.
If you absolutely need to use negative scaling you can use the convex MeshCollider. Scene hierarchy path "Props/M_StoneFloor_A/3/SM_Border_A_Damaged_C4/Collider (1)"
BoxCollider does not support negative scale or size.
The effective box size has been forced positive and is likely to give unexpected collision geometry.
If you absolutely need to use negative scaling you can use the convex MeshCollider. Scene hierarchy path "Props/M_StoneFloor_A/4/SM_Border_A_Damaged_C4/Collider (1)"
BoxCollider does not support negative scale or size.
The effective box size has been forced positive and is likely to give unexpected collision geometry.
If you absolutely need to use negative scaling you can use the convex MeshCollider. Scene hierarchy path "Props/M_StoneFloor_A/4/SM_ArchWallStone_Blind_Column_F_4x6_A62/Collider (1)"
BoxCollider does not support negative scale or size.
The effective box size has been forced positive and is likely to give unexpected collision geometry.
If you absolutely need to use negative scaling you can use the convex MeshCollider. Scene hierarchy path "Props/M_StoneFloor_A/4/SM_ArchWallStone_Blind_Column_F_4x6_A62/Collider (1)"
BoxCollider does not support negative scale or size.
The effective box size has been forced positive and is likely to give unexpected collision geometry.
If you absolutely need to use negative scaling you can use the convex MeshCollider. Scene hierarchy path "Props/GameObject/SM_ArchWallStone_Blind_Column_F_Damaged_4x6_B16/Collider (1)"
BoxCollider does not support negative scale or size.
The effective box size has been forced positive and is likely to give unexpected collision geometry.
If you absolutely need to use negative scaling you can use the convex MeshCollider. Scene hierarchy path "Props/M_StoneFloor_A/4/SM_ArchWallStone_Blind_Column_F_Damaged_4x6_B15/Collider (1)"
BoxCollider does not support negative scale or size.
The effective box size has been forced positive and is likely to give unexpected collision geometry.
If you absolutely need to use negative scaling you can use the convex MeshCollider. Scene hierarchy path "Props/M_StoneFloor_A/3/SM_ArchWallStone_Blind_Column_F_Damaged_4x6_B17/Collider (1)"
BoxCollider does not support negative scale or size.
The effective box size has been forced positive and is likely to give unexpected collision geometry.
If you absolutely need to use negative scaling you can use the convex MeshCollider. Scene hierarchy path "Props/M_StoneFloor_A/4/SM_ArchWallStone_Blind_Column_F_4x6_A51/Collider (1)"
BoxCollider does not support negative scale or size.
The effective box size has been forced positive and is likely to give unexpected collision geometry.
If you absolutely need to use negative scaling you can use the convex MeshCollider. Scene hierarchy path "Props/M_StoneFloor_A/4/SM_ArchWallStone_Blind_Column_F_4x6_A55/Collider (1)"
BoxCollider does not support negative scale or size.
The effective box size has been forced positive and is likely to give unexpected collision geometry.
If you absolutely need to use negative scaling you can use the convex MeshCollider. Scene hierarchy path "Props/M_StoneFloor_A/GameObject (1)/SM_WallBorder_BrickC_8m_A24/Collider (1)"
BoxCollider does not support negative scale or size.
The effective box size has been forced positive and is likely to give unexpected collision geometry.
If you absolutely need to use negative scaling you can use the convex MeshCollider. Scene hierarchy path "Props/M_StoneFloor_A/GameObject (1)/SM_WallBorder_BrickC_8m_A26/Collider (1)"
BoxCollider does not support negative scale or size.
The effective box size has been forced positive and is likely to give unexpected collision geometry.
If you absolutely need to use negative scaling you can use the convex MeshCollider. Scene hierarchy path "Props/M_StoneFloor_A/4/SM_Border_A_Damaged_C5/Collider (1)"
BoxCollider does not support negative scale or size.
The effective box size has been forced positive and is likely to give unexpected collision geometry.
If you absolutely need to use negative scaling you can use the convex MeshCollider. Scene hierarchy path "Props/M_StoneFloor_A/4/SM_ArchWallStone_Blind_Column_F_4x6_A51/Collider (1)"
BoxCollider does not support negative scale or size.
The effective box size has been forced positive and is likely to give unexpected collision geometry.
If you absolutely need to use negative scaling you can use the convex MeshCollider. Scene hierarchy path "Props/M_StoneFloor_A/4/SM_ArchWallStone_Blind_Column_F_4x6_A55/Collider (1)"
BoxCollider does not support negative scale or size.
The effective box size has been forced positive and is likely to give unexpected collision geometry.
If you absolutely need to use negative scaling you can use the convex MeshCollider. Scene hierarchy path "Props/M_StoneFloor_A/4/SM_ArchWallStone_Blind_Column_F_4x6_A52/Collider (1)"
BoxCollider does not support negative scale or size.
The effective box size has been forced positive and is likely to give unexpected collision geometry.
If you absolutely need to use negative scaling you can use the convex MeshCollider. Scene hierarchy path "Props/M_StoneFloor_A/4/SM_ArchWallStone_Blind_Column_F_4x6_A62/Collider (1)"
Unloading 2601 unused Assets to reduce memory usage. Loaded Objects now: 149640.
Total: 146.892200 ms (FindLiveObjects: 7.612400 ms CreateObjectMapping: 2.321300 ms MarkObjects: 53.715700 ms  DeleteObjects: 83.242500 ms)

Unloading 23 Unused Serialized files (Serialized files now loaded: 2)
Unloading 3 unused Assets to reduce memory usage. Loaded Objects now: 149642.
Total: 63.310400 ms (FindLiveObjects: 7.738400 ms CreateObjectMapping: 2.204500 ms MarkObjects: 53.194000 ms  DeleteObjects: 0.173200 ms)

Failed to create agent because it is not close enough to the NavMesh
TravelToNode: Start waiting for clients
TravelToNode: All clients are ready
[DewResources] Preload Rule Added by Room_Primus_Boss_0: 545 -> 613 (+68)
[DewResources] Maintenance Finished: 613 -> 607 (-7) (+1)
Received game result from server. didGameEnd: False
Changed
[Adaptation] Combat Time: 26.9 seconds
[Adaptation] Dealt Damage Factor Normalized: 3.3
Failed to find ground position and calculate y-coord for projectile '[0 from 15276] ~!Ai_Mon_Primus_BossPrimusAeron_Adapt_Atk '
Failed to find ground position and calculate y-coord for projectile '[0 from 15421] ~!Ai_Mon_Primus_BossPrimusAeron_Adapt_Atk '
Failed to find ground position and calculate y-coord for projectile '[0 from 15421] ~!Ai_Mon_Primus_BossPrimusAeron_Adapt_Atk '
No alive heroes. Clearing continue data
Deleting old auto-recovery backup: r_continue44799945-b1ea-4dae-9ae0-2c2d81746a41_1439.json
Created auto-recovery backup 1449 for r_continue44799945-b1ea-4dae-9ae0-2c2d81746a41
Profile Continue saved.
Received game result from server. didGameEnd: True
Stopped tracking 2 reveries
Stopped tracking 37 achievements
Deleting old auto-recovery backup: r_profile44799945-b1ea-4dae-9ae0-2c2d81746a41_501.json
Created auto-recovery backup 511 for r_profile44799945-b1ea-4dae-9ae0-2c2d81746a41
Profile Main saved.
Deleting old auto-recovery backup: r_stats44799945-b1ea-4dae-9ae0-2c2d81746a41_168.json
Created auto-recovery backup 178 for r_stats44799945-b1ea-4dae-9ae0-2c2d81746a41
Profile Stats saved.
Platform settings saved.
Deleting old auto-recovery backup: r_profile44799945-b1ea-4dae-9ae0-2c2d81746a41_502.json
Created auto-recovery backup 512 for r_profile44799945-b1ea-4dae-9ae0-2c2d81746a41
Profile Main saved.
Deleting old auto-recovery backup: r_continue44799945-b1ea-4dae-9ae0-2c2d81746a41_1440.json
Created auto-recovery backup 1450 for r_continue44799945-b1ea-4dae-9ae0-2c2d81746a41
Profile Continue saved.
Deleting old auto-recovery backup: r_stats44799945-b1ea-4dae-9ae0-2c2d81746a41_169.json
Created auto-recovery backup 179 for r_stats44799945-b1ea-4dae-9ae0-2c2d81746a41
Profile Stats saved.
Unloading 14 Unused Serialized files (Serialized files now loaded: 2)
UnloadTime: 13.418500 ms
TelepathyTransport initialized!
Current scene: PlayLobby
Unloading 3802 unused Assets to reduce memory usage. Loaded Objects now: 98803.
Total: 92.620000 ms (FindLiveObjects: 5.292800 ms CreateObjectMapping: 2.165200 ms MarkObjects: 58.691200 ms  DeleteObjects: 26.470300 ms)

[DewResources] Preload Rule Added by PlayLobbyManager: 821 -> 928 (+107)
[DewResources] Maintenance Finished: 928 (Nothing changed)
DewNetworkManager - StartGame - Singleplayer
Deleting old auto-recovery backup: r_profile44799945-b1ea-4dae-9ae0-2c2d81746a41_503.json
Created auto-recovery backup 513 for r_profile44799945-b1ea-4dae-9ae0-2c2d81746a41
Profile Main saved.
Deleting old auto-recovery backup: r_profile44799945-b1ea-4dae-9ae0-2c2d81746a41_504.json
Created auto-recovery backup 514 for r_profile44799945-b1ea-4dae-9ae0-2c2d81746a41
Profile Main saved.
Deleting old auto-recovery backup: r_stats44799945-b1ea-4dae-9ae0-2c2d81746a41_170.json
Created auto-recovery backup 180 for r_stats44799945-b1ea-4dae-9ae0-2c2d81746a41
Profile Stats saved.
Deleting old auto-recovery backup: r_continue44799945-b1ea-4dae-9ae0-2c2d81746a41_1441.json
Created auto-recovery backup 1451 for r_continue44799945-b1ea-4dae-9ae0-2c2d81746a41
Profile Continue saved.
Platform settings saved.
Unloading 15 Unused Serialized files (Serialized files now loaded: 2)
UnloadTime: 256.713100 ms
Current scene: Title
Unloading 576 unused Assets to reduce memory usage. Loaded Objects now: 99277.
Total: 73.871100 ms (FindLiveObjects: 5.081200 ms CreateObjectMapping: 2.411900 ms MarkObjects: 61.714800 ms  DeleteObjects: 4.662700 ms)

[DewResources] Preload Rule Added by TitleManager: 928 (Nothing changed)
[DewResources] Maintenance Finished: 928 -> 191 (-737) (+0)
Unloading 7 Unused Serialized files (Serialized files now loaded: 2)
Deleting old auto-recovery backup: r_profile44799945-b1ea-4dae-9ae0-2c2d81746a41_505.json
Created auto-recovery backup 515 for r_profile44799945-b1ea-4dae-9ae0-2c2d81746a41
Profile Main saved.
Deleting old auto-recovery backup: r_stats44799945-b1ea-4dae-9ae0-2c2d81746a41_171.json
Created auto-recovery backup 181 for r_stats44799945-b1ea-4dae-9ae0-2c2d81746a41
Profile Stats saved.
Deleting old auto-recovery backup: r_continue44799945-b1ea-4dae-9ae0-2c2d81746a41_1442.json
Created auto-recovery backup 1452 for r_continue44799945-b1ea-4dae-9ae0-2c2d81746a41
Profile Continue saved.
Platform settings saved.
Bye bye!
Unloading 17662 unused Assets to reduce memory usage. Loaded Objects now: 75903.
Total: 108.136500 ms (FindLiveObjects: 4.311600 ms CreateObjectMapping: 2.252300 ms MarkObjects: 73.314700 ms  DeleteObjects: 28.257700 ms)

Uploading Crash Report
<color=#ff7337><color=#0099bc><b>DOTWEEN ► </b></color> SAFE MODE ►</color> DOTween's safe mode captured 559 errors. This is usually ok (it's what safe mode is there for) but if your game is encountering issues you should set Log Behaviour to Default in DOTween Utility Panel in order to get detailed warnings when an error is captured (consider that these errors are always on the user side).
- 559 missing target or field errors
Memory Statistics:
[ALLOC_TEMP_TLS] TLS Allocator
  StackAllocators : 
    [ALLOC_TEMP_MAIN]
      Peak usage frame count: [4.0 KB-8.0 KB]: 20407 frames, [8.0 KB-16.0 KB]: 103 frames, [16.0 KB-32.0 KB]: 572 frames, [32.0 KB-64.0 KB]: 171 frames, [64.0 KB-128.0 KB]: 6791 frames, [128.0 KB-256.0 KB]: 306810 frames, [256.0 KB-0.5 MB]: 8104 frames, [0.5 MB-1.0 MB]: 148 frames, [1.0 MB-2.0 MB]: 7 frames, [2.0 MB-4.0 MB]: 46 frames, [4.0 MB-8.0 MB]: 113 frames
      Initial Block Size 4.0 MB
      Current Block Size 8.0 MB
      Peak Allocated Bytes 8.0 MB
      Overflow Count 3296
    [ALLOC_TEMP_Job.Worker 18]
      Initial Block Size 256.0 KB
      Current Block Size 504.0 KB
      Peak Allocated Bytes 500.8 KB
      Overflow Count 21
    [ALLOC_TEMP_Loading.PreloadManager]
      Initial Block Size 256.0 KB
      Current Block Size 0.5 MB
      Peak Allocated Bytes 511.9 KB
      Overflow Count 1007103
    [ALLOC_TEMP_Background Job.Worker 8]
      Initial Block Size 32.0 KB
      Current Block Size 32.0 KB
      Peak Allocated Bytes 65 B
      Overflow Count 0
    [ALLOC_TEMP_Background Job.Worker 10]
      Initial Block Size 32.0 KB
      Current Block Size 32.0 KB
      Peak Allocated Bytes 339 B
      Overflow Count 0
    [ALLOC_TEMP_Job.Worker 16]
      Initial Block Size 256.0 KB
      Current Block Size 444.0 KB
      Peak Allocated Bytes 441.3 KB
      Overflow Count 10
    [ALLOC_TEMP_Background Job.Worker 6]
      Initial Block Size 32.0 KB
      Current Block Size 32.0 KB
      Peak Allocated Bytes 65 B
      Overflow Count 0
    [ALLOC_TEMP_Job.Worker 4]
      Initial Block Size 256.0 KB
      Current Block Size 488.0 KB
      Peak Allocated Bytes 487.1 KB
      Overflow Count 15
    [ALLOC_TEMP_Job.Worker 17]
      Initial Block Size 256.0 KB
      Current Block Size 500.0 KB
      Peak Allocated Bytes 496.7 KB
      Overflow Count 11
    [ALLOC_TEMP_Job.Worker 14]
      Initial Block Size 256.0 KB
      Current Block Size 432.0 KB
      Peak Allocated Bytes 430.9 KB
      Overflow Count 21
    [ALLOC_TEMP_Job.Worker 3]
      Initial Block Size 256.0 KB
      Current Block Size 480.0 KB
      Peak Allocated Bytes 356.7 KB
      Overflow Count 4
    [ALLOC_TEMP_Background Job.Worker 12]
      Initial Block Size 32.0 KB
      Current Block Size 32.0 KB
      Peak Allocated Bytes 2.0 KB
      Overflow Count 0
    [ALLOC_TEMP_Background Job.Worker 1]
      Initial Block Size 32.0 KB
      Current Block Size 60.0 KB
      Peak Allocated Bytes 57.5 KB
      Overflow Count 1
    [ALLOC_TEMP_AssetGarbageCollectorHelper] x 19
      Initial Block Size 64.0 KB
      Current Block Size 64.0 KB
      Peak Allocated Bytes 0 B
      Overflow Count 0
    [ALLOC_TEMP_Background Job.Worker 5]
      Initial Block Size 32.0 KB
      Current Block Size 32.0 KB
      Peak Allocated Bytes 65 B
      Overflow Count 0
    [ALLOC_TEMP_Background Job.Worker 13]
      Initial Block Size 32.0 KB
      Current Block Size 32.0 KB
      Peak Allocated Bytes 65 B
      Overflow Count 0
    [ALLOC_TEMP_Background Job.Worker 11]
      Initial Block Size 32.0 KB
      Current Block Size 32.0 KB
      Peak Allocated Bytes 2.0 KB
      Overflow Count 0
    [ALLOC_TEMP_Job.Worker 2]
      Initial Block Size 256.0 KB
      Current Block Size 0.5 MB
      Peak Allocated Bytes 492.6 KB
      Overflow Count 18
    [ALLOC_TEMP_Background Job.Worker 3]
      Initial Block Size 32.0 KB
      Current Block Size 36.0 KB
      Peak Allocated Bytes 32.0 KB
      Overflow Count 0
    [ALLOC_TEMP_Background Job.Worker 0]
      Initial Block Size 32.0 KB
      Current Block Size 32.0 KB
      Peak Allocated Bytes 65 B
      Overflow Count 0
    [ALLOC_TEMP_HIDInput]
      Initial Block Size 64.0 KB
      Current Block Size 64.0 KB
      Peak Allocated Bytes 10.8 KB
      Overflow Count 0
    [ALLOC_TEMP_Job.Worker 11]
      Initial Block Size 256.0 KB
      Current Block Size 496.0 KB
      Peak Allocated Bytes 493.1 KB
      Overflow Count 22
    [ALLOC_TEMP_Background Job.Worker 4]
      Initial Block Size 32.0 KB
      Current Block Size 32.0 KB
      Peak Allocated Bytes 2.0 KB
      Overflow Count 0
    [ALLOC_TEMP_BatchDeleteObjects]
      Initial Block Size 64.0 KB
      Current Block Size 64.0 KB
      Peak Allocated Bytes 54 B
      Overflow Count 0
    [ALLOC_TEMP_Job.Worker 6]
      Initial Block Size 256.0 KB
      Current Block Size 492.0 KB
      Peak Allocated Bytes 489.1 KB
      Overflow Count 14
    [ALLOC_TEMP_Job.Worker 0]
      Initial Block Size 256.0 KB
      Current Block Size 496.0 KB
      Peak Allocated Bytes 493.1 KB
      Overflow Count 19
    [ALLOC_TEMP_Background Job.Worker 9]
      Initial Block Size 32.0 KB
      Current Block Size 32.0 KB
      Peak Allocated Bytes 65 B
      Overflow Count 0
    [ALLOC_TEMP_Job.Worker 5]
      Initial Block Size 256.0 KB
      Current Block Size 492.0 KB
      Peak Allocated Bytes 472.8 KB
      Overflow Count 19
    [ALLOC_TEMP_Background Job.Worker 14]
      Initial Block Size 32.0 KB
      Current Block Size 32.0 KB
      Peak Allocated Bytes 2.7 KB
      Overflow Count 0
    [ALLOC_TEMP_Job.Worker 13]
      Initial Block Size 256.0 KB
      Current Block Size 496.0 KB
      Peak Allocated Bytes 492.6 KB
      Overflow Count 9
    [ALLOC_TEMP_EnlightenWorker] x 5
      Initial Block Size 64.0 KB
      Current Block Size 64.0 KB
      Peak Allocated Bytes 54 B
      Overflow Count 0
    [ALLOC_TEMP_Background Job.Worker 15]
      Initial Block Size 32.0 KB
      Current Block Size 32.0 KB
      Peak Allocated Bytes 65 B
      Overflow Count 0
    [ALLOC_TEMP_Background Job.Worker 2]
      Initial Block Size 32.0 KB
      Current Block Size 32.0 KB
      Peak Allocated Bytes 1.5 KB
      Overflow Count 0
    [ALLOC_TEMP_Background Job.Worker 7]
      Initial Block Size 32.0 KB
      Current Block Size 32.0 KB
      Peak Allocated Bytes 2.0 KB
      Overflow Count 0
    [ALLOC_TEMP_UnityGfxDeviceWorker]
      Initial Block Size 256.0 KB
      Current Block Size 256.0 KB
      Peak Allocated Bytes 77.4 KB
      Overflow Count 20
    [ALLOC_TEMP_Job.Worker 9]
      Initial Block Size 256.0 KB
      Current Block Size 420.0 KB
      Peak Allocated Bytes 416.5 KB
      Overflow Count 11
    [ALLOC_TEMP_Job.Worker 8]
      Initial Block Size 256.0 KB
      Current Block Size 0.5 MB
      Peak Allocated Bytes 487.1 KB
      Overflow Count 14
    [ALLOC_TEMP_Job.Worker 7]
      Initial Block Size 256.0 KB
      Current Block Size 496.0 KB
      Peak Allocated Bytes 493.1 KB
      Overflow Count 19
    [ALLOC_TEMP_Job.Worker 1]
      Initial Block Size 256.0 KB
      Current Block Size 496.0 KB
      Peak Allocated Bytes 493.1 KB
      Overflow Count 3
    [ALLOC_TEMP_Job.Worker 10]
      Initial Block Size 256.0 KB
      Current Block Size 488.0 KB
      Peak Allocated Bytes 455.9 KB
      Overflow Count 6
    [ALLOC_TEMP_CloudJob.Worker 0]
      Initial Block Size 32.0 KB
      Current Block Size 32.0 KB
      Peak Allocated Bytes 7.9 KB
      Overflow Count 0
    [ALLOC_TEMP_Job.Worker 15]
      Initial Block Size 256.0 KB
      Current Block Size 460.0 KB
      Peak Allocated Bytes 456.7 KB
      Overflow Count 12
    [ALLOC_TEMP_Job.Worker 12]
      Initial Block Size 256.0 KB
      Current Block Size 460.0 KB
      Peak Allocated Bytes 456.7 KB
      Overflow Count 9
    [ALLOC_TEMP_Loading.AsyncRead]
      Initial Block Size 64.0 KB
      Current Block Size 124.0 KB
      Peak Allocated Bytes 123.4 KB
      Overflow Count 0
[ALLOC_DEFAULT] Dual Thread Allocator
  Peak main deferred allocation count 72800
    [ALLOC_BUCKET]
      Large Block size 4.0 MB
      Used Block count 1
      Peak Allocated bytes 4.0 MB
      Failed Allocations. Bucket layout:
        16B: 16 Subsections = 16384 buckets. Failed count: 43940069
        32B: 26 Subsections = 13312 buckets. Failed count: 21442005
        48B: 32 Subsections = 10922 buckets. Failed count: 233285436
        64B: 68 Subsections = 17408 buckets. Failed count: 7652060
        80B: 51 Subsections = 10444 buckets. Failed count: 3005774
        96B: 24 Subsections = 4096 buckets. Failed count: 972153
        112B: 27 Subsections = 3949 buckets. Failed count: 3087570
        128B: 12 Subsections = 1536 buckets. Failed count: 4442038
    [ALLOC_DEFAULT_MAIN]
      Peak usage frame count: [32.0 MB-64.0 MB]: 27810 frames, [64.0 MB-128.0 MB]: 108621 frames, [128.0 MB-256.0 MB]: 180924 frames, [256.0 MB-0.50 GB]: 25917 frames
      Requested Block Size 16.0 MB
      Peak Block count 32
      Peak Allocated memory 493.1 MB
      Peak Large allocation bytes 42.7 MB
    [ALLOC_DEFAULT_THREAD]
      Peak usage frame count: [64.0 MB-128.0 MB]: 21033 frames, [128.0 MB-256.0 MB]: 6799 frames, [256.0 MB-0.50 GB]: 311376 frames, [0.50 GB-1.00 GB]: 4064 frames
      Requested Block Size 16.0 MB
      Peak Block count 35
      Peak Allocated memory 0.59 GB
      Peak Large allocation bytes 126.1 MB
[ALLOC_TEMP_JOB_1_FRAME]
  Initial Block Size 2.0 MB
  Used Block Count 1
  Overflow Count (too large) 0
  Overflow Count (full) 0
[ALLOC_TEMP_JOB_2_FRAMES]
  Initial Block Size 2.0 MB
  Used Block Count 1
  Overflow Count (too large) 0
  Overflow Count (full) 0
[ALLOC_TEMP_JOB_4_FRAMES (JobTemp)]
  Initial Block Size 2.0 MB
  Used Block Count 8
  Overflow Count (too large) 1
  Overflow Count (full) 0
[ALLOC_TEMP_JOB_ASYNC (Background)]
  Initial Block Size 1.0 MB
  Used Block Count 8
  Overflow Count (too large) 4
  Overflow Count (full) 0
[ALLOC_GFX] Dual Thread Allocator
  Peak main deferred allocation count 101
    [ALLOC_BUCKET]
      Large Block size 4.0 MB
      Used Block count 1
      Peak Allocated bytes 4.0 MB
      Failed Allocations. Bucket layout:
        16B: 16 Subsections = 16384 buckets. Failed count: 43940069
        32B: 26 Subsections = 13312 buckets. Failed count: 21442005
        48B: 32 Subsections = 10922 buckets. Failed count: 233285436
        64B: 68 Subsections = 17408 buckets. Failed count: 7652060
        80B: 51 Subsections = 10444 buckets. Failed count: 3005774
        96B: 24 Subsections = 4096 buckets. Failed count: 972153
        112B: 27 Subsections = 3949 buckets. Failed count: 3087570
        128B: 12 Subsections = 1536 buckets. Failed count: 4442038
    [ALLOC_GFX_MAIN]
      Peak usage frame count: [128.0 MB-256.0 MB]: 293439 frames, [256.0 MB-0.50 GB]: 49833 frames
      Requested Block Size 16.0 MB
      Peak Block count 7
      Peak Allocated memory 310.5 MB
      Peak Large allocation bytes 208.1 MB
    [ALLOC_GFX_THREAD]
      Peak usage frame count: [256.0 MB-0.50 GB]: 71365 frames, [0.50 GB-1.00 GB]: 271907 frames
      Requested Block Size 16.0 MB
      Peak Block count 58
      Peak Allocated memory 0.98 GB
      Peak Large allocation bytes 122.7 MB
[ALLOC_CACHEOBJECTS] Dual Thread Allocator
  Peak main deferred allocation count 23150
    [ALLOC_BUCKET]
      Large Block size 4.0 MB
      Used Block count 1
      Peak Allocated bytes 4.0 MB
      Failed Allocations. Bucket layout:
        16B: 16 Subsections = 16384 buckets. Failed count: 43940069
        32B: 26 Subsections = 13312 buckets. Failed count: 21442005
        48B: 32 Subsections = 10922 buckets. Failed count: 233285436
        64B: 68 Subsections = 17408 buckets. Failed count: 7652060
        80B: 51 Subsections = 10444 buckets. Failed count: 3005774
        96B: 24 Subsections = 4096 buckets. Failed count: 972153
        112B: 27 Subsections = 3949 buckets. Failed count: 3087570
        128B: 12 Subsections = 1536 buckets. Failed count: 4442038
    [ALLOC_CACHEOBJECTS_MAIN]
      Peak usage frame count: [64.0 MB-128.0 MB]: 21034 frames, [128.0 MB-256.0 MB]: 322238 frames
      Requested Block Size 4.0 MB
      Peak Block count 36
      Peak Allocated memory 141.3 MB
      Peak Large allocation bytes 11.9 MB
    [ALLOC_CACHEOBJECTS_THREAD]
      Peak usage frame count: [128.0 MB-256.0 MB]: 21034 frames, [256.0 MB-0.50 GB]: 1160 frames, [0.50 GB-1.00 GB]: 317671 frames, [1.00 GB-2.00 GB]: 3407 frames
      Requested Block Size 4.0 MB
      Peak Block count 350
      Peak Allocated memory 1.36 GB
      Peak Large allocation bytes 485.2 MB
[ALLOC_TYPETREE] Dual Thread Allocator
  Peak main deferred allocation count 0
    [ALLOC_BUCKET]
      Large Block size 4.0 MB
      Used Block count 1
      Peak Allocated bytes 4.0 MB
      Failed Allocations. Bucket layout:
        16B: 16 Subsections = 16384 buckets. Failed count: 43940069
        32B: 26 Subsections = 13312 buckets. Failed count: 21442005
        48B: 32 Subsections = 10922 buckets. Failed count: 233285436
        64B: 68 Subsections = 17408 buckets. Failed count: 7652060
        80B: 51 Subsections = 10444 buckets. Failed count: 3005774
        96B: 24 Subsections = 4096 buckets. Failed count: 972153
        112B: 27 Subsections = 3949 buckets. Failed count: 3087570
        128B: 12 Subsections = 1536 buckets. Failed count: 4442038
    [ALLOC_TYPETREE_MAIN]
      Peak usage frame count: [8.0 KB-16.0 KB]: 35197 frames, [16.0 KB-32.0 KB]: 308075 frames
      Requested Block Size 2.0 MB
      Peak Block count 1
      Peak Allocated memory 28.0 KB
      Peak Large allocation bytes 0 B
    [ALLOC_TYPETREE_THREAD]
      Peak usage frame count: [4.0 MB-8.0 MB]: 27832 frames, [8.0 MB-16.0 MB]: 315440 frames
      Requested Block Size 2.0 MB
      Peak Block count 7
      Peak Allocated memory 11.6 MB
      Peak Large allocation bytes 0 B
